dynamic,10,8,20,"tensor(22.7832, device='cuda:0')",0.07119741100323625,0.13915857605177995,0.33980582524271846,0.4174757281553398,0.45307443365695793,0.4886731391585761,0.5210355987055016,0.5372168284789643,0.5760517799352751,0.6019417475728155,0.6213592233009708,0.6440129449838188,0.656957928802589
total,10,8,20,"tensor(22.7832, device='cuda:0')",0.26537216828478966,0.3300970873786408,0.39805825242718446,0.42071197411003236,0.45307443365695793
dynamic,1,8,10,"tensor(29.6537, device='cuda:0')",0.23948220064724918,0.343042071197411,0.46601941747572817,0.5598705501618123,0.6051779935275081,0.6407766990291263,0.6601941747572816,0.686084142394822,0.7055016181229773,0.7152103559870551,0.7216828478964401,0.7378640776699029,0.7508090614886731
dynamic,1,8,2,"tensor(29.6537, device='cuda:0')",0.23948220064724918,0.343042071197411,0.46601941747572817,0.5598705501618123,0.6051779935275081,0.6407766990291263,0.6601941747572816,0.686084142394822,0.7055016181229773,0.7152103559870551,0.7216828478964401,0.7378640776699029,0.7508090614886731
dynamic,1,8,1,"tensor(29.6537, device='cuda:0')",0.23948220064724918,0.343042071197411,0.46601941747572817,0.5598705501618123,0.6051779935275081,0.6407766990291263,0.6601941747572816,0.686084142394822,0.7055016181229773,0.7152103559870551,0.7216828478964401,0.7378640776699029,0.7508090614886731
dynamic,1,8,30,"tensor(29.6537, device='cuda:0')",0.23948220064724918,0.343042071197411,0.46601941747572817,0.5598705501618123,0.6051779935275081,0.6407766990291263,0.6601941747572816,0.686084142394822,0.7055016181229773,0.7152103559870551,0.7216828478964401,0.7378640776699029,0.7508090614886731
dynamic,1,8,20,"tensor(29.6537, device='cuda:0')",0.23948220064724918,0.343042071197411,0.46601941747572817,0.5598705501618123,0.6051779935275081,0.6407766990291263,0.6601941747572816,0.686084142394822,0.7055016181229773,0.7152103559870551,0.7216828478964401,0.7378640776699029,0.7508090614886731
dynamic,1,8,5,"tensor(29.6537, device='cuda:0')",0.23948220064724918,0.343042071197411,0.46601941747572817,0.5598705501618123,0.6051779935275081,0.6407766990291263,0.6601941747572816,0.686084142394822,0.7055016181229773,0.7152103559870551,0.7216828478964401,0.7378640776699029,0.7508090614886731
total,1,8,10,"tensor(29.6537, device='cuda:0')",0.343042071197411,0.4336569579288026,0.5048543689320388,0.5598705501618123
total,1,8,1,"tensor(29.6537, device='cuda:0')",0.23948220064724918
total,1,8,2,"tensor(29.6537, device='cuda:0')",0.2815533980582524,0.343042071197411
total,1,8,30,"tensor(29.6537, device='cuda:0')",0.34951456310679613,0.44660194174757284,0.5048543689320388,0.5663430420711975,0.6084142394822006,0.6407766990291263
total,1,8,20,"tensor(29.6537, device='cuda:0')",0.343042071197411,0.4401294498381877,0.49838187702265374,0.5598705501618123,0.6051779935275081
total,1,8,5,"tensor(29.6537, device='cuda:0')",0.313915857605178,0.39158576051779936,0.46601941747572817
dynamic,1,8,40,"tensor(29.6537, device='cuda:0')",0.23948220064724918,0.343042071197411,0.46601941747572817,0.5598705501618123,0.6051779935275081,0.6407766990291263,0.6601941747572816,0.686084142394822,0.7055016181229773,0.7152103559870551,0.7216828478964401,0.7378640776699029,0.7508090614886731
dynamic,1,8,70,"tensor(29.6537, device='cuda:0')",0.23948220064724918,0.343042071197411,0.46601941747572817,0.5598705501618123,0.6051779935275081,0.6407766990291263,0.6601941747572816,0.686084142394822,0.7055016181229773,0.7152103559870551,0.7216828478964401,0.7378640776699029,0.7508090614886731
total,1,8,40,"tensor(29.6537, device='cuda:0')",0.34951456310679613,0.44660194174757284,0.5080906148867314,0.56957928802589,0.6116504854368932,0.6407766990291263,0.6601941747572816
dynamic,1,8,50,"tensor(29.6537, device='cuda:0')",0.23948220064724918,0.343042071197411,0.46601941747572817,0.5598705501618123,0.6051779935275081,0.6407766990291263,0.6601941747572816,0.686084142394822,0.7055016181229773,0.7152103559870551,0.7216828478964401,0.7378640776699029,0.7508090614886731
dynamic,1,8,60,"tensor(29.6537, device='cuda:0')",0.23948220064724918,0.343042071197411,0.46601941747572817,0.5598705501618123,0.6051779935275081,0.6407766990291263,0.6601941747572816,0.686084142394822,0.7055016181229773,0.7152103559870551,0.7216828478964401,0.7378640776699029,0.7508090614886731
dynamic,1,8,80,"tensor(29.6537, device='cuda:0')",0.23948220064724918,0.343042071197411,0.46601941747572817,0.5598705501618123,0.6051779935275081,0.6407766990291263,0.6601941747572816,0.686084142394822,0.7055016181229773,0.7152103559870551,0.7216828478964401,0.7378640776699029,0.7508090614886731
dynamic,1,8,90,"tensor(29.6537, device='cuda:0')",0.23948220064724918,0.343042071197411,0.46601941747572817,0.5598705501618123,0.6051779935275081,0.6407766990291263,0.6601941747572816,0.686084142394822,0.7055016181229773,0.7152103559870551,0.7216828478964401,0.7378640776699029,0.7508090614886731
total,1,8,70,"tensor(29.6537, device='cuda:0')",0.34951456310679613,0.44983818770226536,0.5145631067961165,0.5760517799352751,0.6148867313915858,0.6407766990291263,0.6666666666666666,0.6925566343042071,0.7055016181229773,0.7152103559870551
total,1,8,50,"tensor(29.6537, device='cuda:0')",0.34951456310679613,0.44660194174757284,0.5080906148867314,0.56957928802589,0.6084142394822006,0.6407766990291263,0.6601941747572816,0.686084142394822
total,1,8,60,"tensor(29.6537, device='cuda:0')",0.35275080906148865,0.44983818770226536,0.5145631067961165,0.5760517799352751,0.6148867313915858,0.6407766990291263,0.6666666666666666,0.6925566343042071,0.7055016181229773
total,1,8,80,"tensor(29.6537, device='cuda:0')",0.34627831715210355,0.44983818770226536,0.5145631067961165,0.5760517799352751,0.6148867313915858,0.6407766990291263,0.6634304207119741,0.6925566343042071,0.7055016181229773,0.7152103559870551,0.7216828478964401
total,1,8,90,"tensor(29.6537, device='cuda:0')",0.34627831715210355,0.44983818770226536,0.5145631067961165,0.5760517799352751,0.6148867313915858,0.6407766990291263,0.6634304207119741,0.6925566343042071,0.7055016181229773,0.7152103559870551,0.7216828478964401,0.7378640776699029
dynamic,1,8,100,"tensor(29.6537, device='cuda:0')",0.23948220064724918,0.343042071197411,0.46601941747572817,0.5598705501618123,0.6051779935275081,0.6407766990291263,0.6601941747572816,0.686084142394822,0.7055016181229773,0.7152103559870551,0.7216828478964401,0.7378640776699029,0.7508090614886731
dynamic,10,8,1,"tensor(22.7832, device='cuda:0')",0.07119741100323625,0.13915857605177995,0.33980582524271846,0.4174757281553398,0.45307443365695793,0.4886731391585761,0.5210355987055016,0.5372168284789643,0.5760517799352751,0.6019417475728155,0.6213592233009708,0.6440129449838188,0.656957928802589
total,1,8,100,"tensor(29.6537, device='cuda:0')",0.34627831715210355,0.44660194174757284,0.5145631067961165,0.5760517799352751,0.6148867313915858,0.6407766990291263,0.6634304207119741,0.6925566343042071,0.7055016181229773,0.7152103559870551,0.7216828478964401,0.7378640776699029,0.7508090614886731
total,10,8,1,"tensor(22.7832, device='cuda:0')",0.07119741100323625
dynamic,10,8,5,"tensor(22.7832, device='cuda:0')",0.07119741100323625,0.13915857605177995,0.33980582524271846,0.4174757281553398,0.45307443365695793,0.4886731391585761,0.5210355987055016,0.5372168284789643,0.5760517799352751,0.6019417475728155,0.6213592233009708,0.6440129449838188,0.656957928802589
dynamic,10,8,2,"tensor(22.7832, device='cuda:0')",0.07119741100323625,0.13915857605177995,0.33980582524271846,0.4174757281553398,0.45307443365695793,0.4886731391585761,0.5210355987055016,0.5372168284789643,0.5760517799352751,0.6019417475728155,0.6213592233009708,0.6440129449838188,0.656957928802589
dynamic,10,8,10,"tensor(22.7832, device='cuda:0')",0.07119741100323625,0.13915857605177995,0.33980582524271846,0.4174757281553398,0.45307443365695793,0.4886731391585761,0.5210355987055016,0.5372168284789643,0.5760517799352751,0.6019417475728155,0.6213592233009708,0.6440129449838188,0.656957928802589
total,10,8,5,"tensor(22.7832, device='cuda:0')",0.23624595469255663,0.29449838187702265,0.33980582524271846
dynamic,10,8,20,"tensor(22.7832, device='cuda:0')",0.07119741100323625,0.13915857605177995,0.33980582524271846,0.4174757281553398,0.45307443365695793,0.4886731391585761,0.5210355987055016,0.5372168284789643,0.5760517799352751,0.6019417475728155,0.6213592233009708,0.6440129449838188,0.656957928802589
total,10,8,2,"tensor(22.7832, device='cuda:0')",0.11003236245954692,0.13915857605177995
total,10,8,10,"tensor(22.7832, device='cuda:0')",0.26537216828478966,0.3365695792880259,0.39805825242718446,0.4174757281553398
total,10,8,20,"tensor(22.7832, device='cuda:0')",0.26537216828478966,0.3300970873786408,0.39805825242718446,0.42071197411003236,0.45307443365695793
dynamic,10,8,30,"tensor(22.7832, device='cuda:0')",0.07119741100323625,0.13915857605177995,0.33980582524271846,0.4174757281553398,0.45307443365695793,0.4886731391585761,0.5210355987055016,0.5372168284789643,0.5760517799352751,0.6019417475728155,0.6213592233009708,0.6440129449838188,0.656957928802589
total,10,8,30,"tensor(22.7832, device='cuda:0')",0.2750809061488673,0.33980582524271846,0.4110032362459547,0.4336569579288026,0.46601941747572817,0.4886731391585761
dynamic,10,8,40,"tensor(22.7832, device='cuda:0')",0.07119741100323625,0.13915857605177995,0.33980582524271846,0.4174757281553398,0.45307443365695793,0.4886731391585761,0.5210355987055016,0.5372168284789643,0.5760517799352751,0.6019417475728155,0.6213592233009708,0.6440129449838188,0.656957928802589
total,10,8,40,"tensor(22.7832, device='cuda:0')",0.2783171521035599,0.34627831715210355,0.41423948220064727,0.4401294498381877,0.4692556634304207,0.49514563106796117,0.5210355987055016
dynamic,10,8,60,"tensor(22.7832, device='cuda:0')",0.07119741100323625,0.13915857605177995,0.33980582524271846,0.4174757281553398,0.45307443365695793,0.4886731391585761,0.5210355987055016,0.5372168284789643,0.5760517799352751,0.6019417475728155,0.6213592233009708,0.6440129449838188,0.656957928802589
dynamic,10,8,50,"tensor(22.7832, device='cuda:0')",0.07119741100323625,0.13915857605177995,0.33980582524271846,0.4174757281553398,0.45307443365695793,0.4886731391585761,0.5210355987055016,0.5372168284789643,0.5760517799352751,0.6019417475728155,0.6213592233009708,0.6440129449838188,0.656957928802589
dynamic,10,8,70,"tensor(22.7832, device='cuda:0')",0.07119741100323625,0.13915857605177995,0.33980582524271846,0.4174757281553398,0.45307443365695793,0.4886731391585761,0.5210355987055016,0.5372168284789643,0.5760517799352751,0.6019417475728155,0.6213592233009708,0.6440129449838188,0.656957928802589
dynamic,10,8,80,"tensor(22.7832, device='cuda:0')",0.07119741100323625,0.13915857605177995,0.33980582524271846,0.4174757281553398,0.45307443365695793,0.4886731391585761,0.5210355987055016,0.5372168284789643,0.5760517799352751,0.6019417475728155,0.6213592233009708,0.6440129449838188,0.656957928802589
total,10,8,50,"tensor(22.7832, device='cuda:0')",0.2750809061488673,0.34627831715210355,0.41423948220064727,0.4401294498381877,0.46601941747572817,0.49514563106796117,0.5210355987055016,0.5372168284789643
total,10,8,60,"tensor(22.7832, device='cuda:0')",0.2783171521035599,0.343042071197411,0.4174757281553398,0.4401294498381877,0.4692556634304207,0.49838187702265374,0.5242718446601942,0.540453074433657,0.5760517799352751
total,10,8,70,"tensor(22.7832, device='cuda:0')",0.284789644012945,0.34951456310679613,0.42394822006472493,0.44336569579288027,0.47572815533980584,0.5016181229773463,0.5307443365695793,0.5469255663430421,0.5760517799352751,0.6019417475728155
total,10,8,80,"tensor(22.7832, device='cuda:0')",0.2815533980582524,0.34951456310679613,0.41423948220064727,0.44336569579288027,0.47572815533980584,0.5016181229773463,0.5307443365695793,0.5469255663430421,0.5760517799352751,0.6019417475728155,0.6213592233009708
dynamic,10,8,90,"tensor(22.7832, device='cuda:0')",0.07119741100323625,0.13915857605177995,0.33980582524271846,0.4174757281553398,0.45307443365695793,0.4886731391585761,0.5210355987055016,0.5372168284789643,0.5760517799352751,0.6019417475728155,0.6213592233009708,0.6440129449838188,0.656957928802589
total,10,8,90,"tensor(22.7832, device='cuda:0')",0.2783171521035599,0.34627831715210355,0.41423948220064727,0.44336569579288027,0.47572815533980584,0.5048543689320388,0.5339805825242718,0.5501618122977346,0.5792880258899676,0.598705501618123,0.6245954692556634,0.6440129449838188
dynamic,10,8,100,"tensor(22.7832, device='cuda:0')",0.07119741100323625,0.13915857605177995,0.33980582524271846,0.4174757281553398,0.45307443365695793,0.4886731391585761,0.5210355987055016,0.5372168284789643,0.5760517799352751,0.6019417475728155,0.6213592233009708,0.6440129449838188,0.656957928802589
total,10,8,100,"tensor(22.7832, device='cuda:0')",0.2815533980582524,0.35275080906148865,0.42071197411003236,0.45307443365695793,0.48220064724919093,0.5080906148867314,0.5275080906148867,0.5533980582524272,0.56957928802589,0.5922330097087378,0.6181229773462783,0.6375404530744336,0.656957928802589
dynamic,40,8,2,"tensor(12.9676, device='cuda:0')",0.012944983818770227,0.032362459546925564,0.061488673139158574,0.12944983818770225,0.20388349514563106,0.2815533980582524,0.32038834951456313,0.3559870550161812,0.39158576051779936,0.40129449838187703,0.43042071197411,0.4401294498381877,0.44983818770226536
dynamic,40,8,1,"tensor(12.9676, device='cuda:0')",0.012944983818770227,0.032362459546925564,0.061488673139158574,0.12944983818770225,0.20388349514563106,0.2815533980582524,0.32038834951456313,0.3559870550161812,0.39158576051779936,0.40129449838187703,0.43042071197411,0.4401294498381877,0.44983818770226536
dynamic,40,8,5,"tensor(12.9676, device='cuda:0')",0.012944983818770227,0.032362459546925564,0.061488673139158574,0.12944983818770225,0.20388349514563106,0.2815533980582524,0.32038834951456313,0.3559870550161812,0.39158576051779936,0.40129449838187703,0.43042071197411,0.4401294498381877,0.44983818770226536
dynamic,40,8,10,"tensor(12.9676, device='cuda:0')",0.012944983818770227,0.032362459546925564,0.061488673139158574,0.12944983818770225,0.20388349514563106,0.2815533980582524,0.32038834951456313,0.3559870550161812,0.39158576051779936,0.40129449838187703,0.43042071197411,0.4401294498381877,0.44983818770226536
total,40,8,2,"tensor(12.9676, device='cuda:0')",0.02912621359223301,0.032362459546925564
total,40,8,1,"tensor(12.9676, device='cuda:0')",0.012944983818770227
total,40,8,5,"tensor(12.9676, device='cuda:0')",0.042071197411003236,0.05177993527508091,0.061488673139158574
total,40,8,10,"tensor(12.9676, device='cuda:0')",0.08737864077669903,0.10355987055016182,0.11326860841423948,0.12944983818770225
dynamic,40,8,20,"tensor(12.9676, device='cuda:0')",0.012944983818770227,0.032362459546925564,0.061488673139158574,0.12944983818770225,0.20388349514563106,0.2815533980582524,0.32038834951456313,0.3559870550161812,0.39158576051779936,0.40129449838187703,0.43042071197411,0.4401294498381877,0.44983818770226536
total,40,8,20,"tensor(12.9676, device='cuda:0')",0.11326860841423948,0.13268608414239483,0.1488673139158576,0.16828478964401294,0.20388349514563106
dynamic,40,8,30,"tensor(12.9676, device='cuda:0')",0.012944983818770227,0.032362459546925564,0.061488673139158574,0.12944983818770225,0.20388349514563106,0.2815533980582524,0.32038834951456313,0.3559870550161812,0.39158576051779936,0.40129449838187703,0.43042071197411,0.4401294498381877,0.44983818770226536
total,40,8,30,"tensor(12.9676, device='cuda:0')",0.15857605177993528,0.17475728155339806,0.20064724919093851,0.2168284789644013,0.24919093851132687,0.2815533980582524
dynamic,40,8,40,"tensor(12.9676, device='cuda:0')",0.012944983818770227,0.032362459546925564,0.061488673139158574,0.12944983818770225,0.20388349514563106,0.2815533980582524,0.32038834951456313,0.3559870550161812,0.39158576051779936,0.40129449838187703,0.43042071197411,0.4401294498381877,0.44983818770226536
dynamic,40,8,50,"tensor(12.9676, device='cuda:0')",0.012944983818770227,0.032362459546925564,0.061488673139158574,0.12944983818770225,0.20388349514563106,0.2815533980582524,0.32038834951456313,0.3559870550161812,0.39158576051779936,0.40129449838187703,0.43042071197411,0.4401294498381877,0.44983818770226536
total,40,8,40,"tensor(12.9676, device='cuda:0')",0.16181229773462782,0.19093851132686085,0.22006472491909385,0.23300970873786409,0.2588996763754045,0.28802588996763756,0.32038834951456313
dynamic,40,8,60,"tensor(12.9676, device='cuda:0')",0.012944983818770227,0.032362459546925564,0.061488673139158574,0.12944983818770225,0.20388349514563106,0.2815533980582524,0.32038834951456313,0.3559870550161812,0.39158576051779936,0.40129449838187703,0.43042071197411,0.4401294498381877,0.44983818770226536
total,40,8,50,"tensor(12.9676, device='cuda:0')",0.18446601941747573,0.21035598705501618,0.24271844660194175,0.2524271844660194,0.2750809061488673,0.30097087378640774,0.3268608414239482,0.3559870550161812
dynamic,40,8,70,"tensor(12.9676, device='cuda:0')",0.012944983818770227,0.032362459546925564,0.061488673139158574,0.12944983818770225,0.20388349514563106,0.2815533980582524,0.32038834951456313,0.3559870550161812,0.39158576051779936,0.40129449838187703,0.43042071197411,0.4401294498381877,0.44983818770226536
total,40,8,60,"tensor(12.9676, device='cuda:0')",0.20064724919093851,0.2297734627831715,0.26537216828478966,0.27184466019417475,0.30097087378640774,0.3106796116504854,0.343042071197411,0.3656957928802589,0.39158576051779936
total,40,8,70,"tensor(12.9676, device='cuda:0')",0.20711974110032363,0.23948220064724918,0.2750809061488673,0.2815533980582524,0.3074433656957929,0.31715210355987056,0.33980582524271846,0.3592233009708738,0.3818770226537217,0.40129449838187703
dynamic,40,8,80,"tensor(12.9676, device='cuda:0')",0.012944983818770227,0.032362459546925564,0.061488673139158574,0.12944983818770225,0.20388349514563106,0.2815533980582524,0.32038834951456313,0.3559870550161812,0.39158576051779936,0.40129449838187703,0.43042071197411,0.4401294498381877,0.44983818770226536
dynamic,40,8,90,"tensor(12.9676, device='cuda:0')",0.012944983818770227,0.032362459546925564,0.061488673139158574,0.12944983818770225,0.20388349514563106,0.2815533980582524,0.32038834951456313,0.3559870550161812,0.39158576051779936,0.40129449838187703,0.43042071197411,0.4401294498381877,0.44983818770226536
total,40,8,80,"tensor(12.9676, device='cuda:0')",0.22006472491909385,0.2524271844660194,0.28802588996763756,0.30097087378640774,0.31715210355987056,0.3333333333333333,0.34951456310679613,0.3786407766990291,0.39158576051779936,0.4110032362459547,0.43042071197411
total,40,8,90,"tensor(12.9676, device='cuda:0')",0.2168284789644013,0.2588996763754045,0.28802588996763756,0.3074433656957929,0.32362459546925565,0.33980582524271846,0.3559870550161812,0.37540453074433655,0.3948220064724919,0.4077669902912621,0.42718446601941745,0.4401294498381877
dynamic,40,8,100,"tensor(12.9676, device='cuda:0')",0.012944983818770227,0.032362459546925564,0.061488673139158574,0.12944983818770225,0.20388349514563106,0.2815533980582524,0.32038834951456313,0.3559870550161812,0.39158576051779936,0.40129449838187703,0.43042071197411,0.4401294498381877,0.44983818770226536
total,40,8,100,"tensor(12.9676, device='cuda:0')",0.21359223300970873,0.2524271844660194,0.2912621359223301,0.3074433656957929,0.32038834951456313,0.33980582524271846,0.35275080906148865,0.36893203883495146,0.39805825242718446,0.4045307443365696,0.4174757281553398,0.4368932038834951,0.44983818770226536
dynamic,10,8,20,"tensor(22.7832, device='cuda:0')",0.07119741100323625,0.13915857605177995,0.33980582524271846,0.4174757281553398,0.45307443365695793,0.4886731391585761,0.5210355987055016,0.5372168284789643,0.5760517799352751,0.6019417475728155,0.6213592233009708,0.6440129449838188,0.656957928802589
total,10,8,20,"tensor(22.7832, device='cuda:0')",0.26537216828478966,0.3300970873786408,0.39805825242718446,0.42071197411003236,0.45307443365695793
dynamic,1,8,1,"tensor(29.6926, device='cuda:0')",0.27184466019417475,0.42071197411003236,0.5760517799352751,0.6957928802588996,0.7443365695792881,0.7766990291262136,0.7961165048543689,0.8090614886731392,0.8252427184466019,0.8317152103559871,0.8381877022653722,0.8478964401294499,0.8543689320388349
total,1,8,1,"tensor(29.6926, device='cuda:0')",0.27184466019417475
dynamic,1,8,1,"tensor(29.6926, device='cuda:0')",0.27184466019417475,0.42071197411003236,0.5760517799352751,0.6957928802588996,0.7443365695792881,0.7766990291262136,0.7961165048543689,0.8090614886731392,0.8252427184466019,0.8317152103559871,0.8381877022653722,0.8478964401294499,0.8543689320388349
dynamic,1,8,5,"tensor(29.6926, device='cuda:0')",0.27184466019417475,0.42071197411003236,0.5760517799352751,0.6957928802588996,0.7443365695792881,0.7766990291262136,0.7961165048543689,0.8090614886731392,0.8252427184466019,0.8317152103559871,0.8381877022653722,0.8478964401294499,0.8543689320388349
dynamic,1,8,1,"tensor(29.6926, device='cuda:0')",0.27184466019417475,0.42071197411003236,0.5760517799352751,0.6957928802588996,0.7443365695792881,0.7766990291262136,0.7961165048543689,0.8090614886731392,0.8252427184466019,0.8317152103559871,0.8381877022653722,0.8478964401294499,0.8543689320388349
dynamic,1,8,30,"tensor(29.6926, device='cuda:0')",0.27184466019417475,0.42071197411003236,0.5760517799352751,0.6957928802588996,0.7443365695792881,0.7766990291262136,0.7961165048543689,0.8090614886731392,0.8252427184466019,0.8317152103559871,0.8381877022653722,0.8478964401294499,0.8543689320388349
dynamic,1,8,2,"tensor(29.6926, device='cuda:0')",0.27184466019417475,0.42071197411003236,0.5760517799352751,0.6957928802588996,0.7443365695792881,0.7766990291262136,0.7961165048543689,0.8090614886731392,0.8252427184466019,0.8317152103559871,0.8381877022653722,0.8478964401294499,0.8543689320388349
dynamic,1,8,20,"tensor(29.6926, device='cuda:0')",0.27184466019417475,0.42071197411003236,0.5760517799352751,0.6957928802588996,0.7443365695792881,0.7766990291262136,0.7961165048543689,0.8090614886731392,0.8252427184466019,0.8317152103559871,0.8381877022653722,0.8478964401294499,0.8543689320388349
dynamic,1,8,10,"tensor(29.6926, device='cuda:0')",0.27184466019417475,0.42071197411003236,0.5760517799352751,0.6957928802588996,0.7443365695792881,0.7766990291262136,0.7961165048543689,0.8090614886731392,0.8252427184466019,0.8317152103559871,0.8381877022653722,0.8478964401294499,0.8543689320388349
dynamic,1,8,50,"tensor(29.6926, device='cuda:0')",0.27184466019417475,0.42071197411003236,0.5760517799352751,0.6957928802588996,0.7443365695792881,0.7766990291262136,0.7961165048543689,0.8090614886731392,0.8252427184466019,0.8317152103559871,0.8381877022653722,0.8478964401294499,0.8543689320388349
dynamic,1,8,40,"tensor(29.6926, device='cuda:0')",0.27184466019417475,0.42071197411003236,0.5760517799352751,0.6957928802588996,0.7443365695792881,0.7766990291262136,0.7961165048543689,0.8090614886731392,0.8252427184466019,0.8317152103559871,0.8381877022653722,0.8478964401294499,0.8543689320388349
dynamic,1,8,60,"tensor(29.6926, device='cuda:0')",0.27184466019417475,0.42071197411003236,0.5760517799352751,0.6957928802588996,0.7443365695792881,0.7766990291262136,0.7961165048543689,0.8090614886731392,0.8252427184466019,0.8317152103559871,0.8381877022653722,0.8478964401294499,0.8543689320388349
dynamic,1,8,70,"tensor(29.6926, device='cuda:0')",0.27184466019417475,0.42071197411003236,0.5760517799352751,0.6957928802588996,0.7443365695792881,0.7766990291262136,0.7961165048543689,0.8090614886731392,0.8252427184466019,0.8317152103559871,0.8381877022653722,0.8478964401294499,0.8543689320388349
dynamic,1,8,90,"tensor(29.6926, device='cuda:0')",0.27184466019417475,0.42071197411003236,0.5760517799352751,0.6957928802588996,0.7443365695792881,0.7766990291262136,0.7961165048543689,0.8090614886731392,0.8252427184466019,0.8317152103559871,0.8381877022653722,0.8478964401294499,0.8543689320388349
dynamic,1,8,80,"tensor(29.6926, device='cuda:0')",0.27184466019417475,0.42071197411003236,0.5760517799352751,0.6957928802588996,0.7443365695792881,0.7766990291262136,0.7961165048543689,0.8090614886731392,0.8252427184466019,0.8317152103559871,0.8381877022653722,0.8478964401294499,0.8543689320388349
dynamic,1,8,100,"tensor(29.6926, device='cuda:0')",0.27184466019417475,0.42071197411003236,0.5760517799352751,0.6957928802588996,0.7443365695792881,0.7766990291262136,0.7961165048543689,0.8090614886731392,0.8252427184466019,0.8317152103559871,0.8381877022653722,0.8478964401294499,0.8543689320388349
dynamic,10,8,1,"tensor(22.7249, device='cuda:0')",0.0744336569579288,0.19093851132686085,0.4174757281553398,0.5242718446601942,0.5598705501618123,0.5889967637540453,0.6181229773462783,0.6375404530744336,0.6666666666666666,0.6957928802588996,0.7152103559870551,0.7443365695792881,0.7475728155339806
dynamic,10,8,5,"tensor(22.7249, device='cuda:0')",0.0744336569579288,0.19093851132686085,0.4174757281553398,0.5242718446601942,0.5598705501618123,0.5889967637540453,0.6181229773462783,0.6375404530744336,0.6666666666666666,0.6957928802588996,0.7152103559870551,0.7443365695792881,0.7475728155339806
dynamic,10,8,2,"tensor(22.7249, device='cuda:0')",0.0744336569579288,0.19093851132686085,0.4174757281553398,0.5242718446601942,0.5598705501618123,0.5889967637540453,0.6181229773462783,0.6375404530744336,0.6666666666666666,0.6957928802588996,0.7152103559870551,0.7443365695792881,0.7475728155339806
dynamic,10,8,10,"tensor(22.7249, device='cuda:0')",0.0744336569579288,0.19093851132686085,0.4174757281553398,0.5242718446601942,0.5598705501618123,0.5889967637540453,0.6181229773462783,0.6375404530744336,0.6666666666666666,0.6957928802588996,0.7152103559870551,0.7443365695792881,0.7475728155339806
dynamic,10,8,20,"tensor(22.7249, device='cuda:0')",0.0744336569579288,0.19093851132686085,0.4174757281553398,0.5242718446601942,0.5598705501618123,0.5889967637540453,0.6181229773462783,0.6375404530744336,0.6666666666666666,0.6957928802588996,0.7152103559870551,0.7443365695792881,0.7475728155339806
dynamic,10,8,30,"tensor(22.7249, device='cuda:0')",0.0744336569579288,0.19093851132686085,0.4174757281553398,0.5242718446601942,0.5598705501618123,0.5889967637540453,0.6181229773462783,0.6375404530744336,0.6666666666666666,0.6957928802588996,0.7152103559870551,0.7443365695792881,0.7475728155339806
dynamic,10,8,50,"tensor(22.7249, device='cuda:0')",0.0744336569579288,0.19093851132686085,0.4174757281553398,0.5242718446601942,0.5598705501618123,0.5889967637540453,0.6181229773462783,0.6375404530744336,0.6666666666666666,0.6957928802588996,0.7152103559870551,0.7443365695792881,0.7475728155339806
dynamic,10,8,40,"tensor(22.7249, device='cuda:0')",0.0744336569579288,0.19093851132686085,0.4174757281553398,0.5242718446601942,0.5598705501618123,0.5889967637540453,0.6181229773462783,0.6375404530744336,0.6666666666666666,0.6957928802588996,0.7152103559870551,0.7443365695792881,0.7475728155339806
dynamic,10,8,60,"tensor(22.7249, device='cuda:0')",0.0744336569579288,0.19093851132686085,0.4174757281553398,0.5242718446601942,0.5598705501618123,0.5889967637540453,0.6181229773462783,0.6375404530744336,0.6666666666666666,0.6957928802588996,0.7152103559870551,0.7443365695792881,0.7475728155339806
dynamic,10,8,70,"tensor(22.7249, device='cuda:0')",0.0744336569579288,0.19093851132686085,0.4174757281553398,0.5242718446601942,0.5598705501618123,0.5889967637540453,0.6181229773462783,0.6375404530744336,0.6666666666666666,0.6957928802588996,0.7152103559870551,0.7443365695792881,0.7475728155339806
dynamic,10,8,80,"tensor(22.7249, device='cuda:0')",0.0744336569579288,0.19093851132686085,0.4174757281553398,0.5242718446601942,0.5598705501618123,0.5889967637540453,0.6181229773462783,0.6375404530744336,0.6666666666666666,0.6957928802588996,0.7152103559870551,0.7443365695792881,0.7475728155339806
dynamic,10,8,90,"tensor(22.7249, device='cuda:0')",0.0744336569579288,0.19093851132686085,0.4174757281553398,0.5242718446601942,0.5598705501618123,0.5889967637540453,0.6181229773462783,0.6375404530744336,0.6666666666666666,0.6957928802588996,0.7152103559870551,0.7443365695792881,0.7475728155339806
dynamic,10,8,100,"tensor(22.7249, device='cuda:0')",0.0744336569579288,0.19093851132686085,0.4174757281553398,0.5242718446601942,0.5598705501618123,0.5889967637540453,0.6181229773462783,0.6375404530744336,0.6666666666666666,0.6957928802588996,0.7152103559870551,0.7443365695792881,0.7475728155339806
dynamic,40,8,5,"tensor(13.0485, device='cuda:0')",0.009708737864077669,0.025889967637540454,0.06472491909385113,0.13915857605177995,0.23948220064724918,0.31715210355987056,0.3656957928802589,0.39158576051779936,0.43042071197411,0.44983818770226536,0.47572815533980584,0.49514563106796117,0.5080906148867314
dynamic,40,8,1,"tensor(13.0485, device='cuda:0')",0.009708737864077669,0.025889967637540454,0.06472491909385113,0.13915857605177995,0.23948220064724918,0.31715210355987056,0.3656957928802589,0.39158576051779936,0.43042071197411,0.44983818770226536,0.47572815533980584,0.49514563106796117,0.5080906148867314
dynamic,40,8,2,"tensor(13.0485, device='cuda:0')",0.009708737864077669,0.025889967637540454,0.06472491909385113,0.13915857605177995,0.23948220064724918,0.31715210355987056,0.3656957928802589,0.39158576051779936,0.43042071197411,0.44983818770226536,0.47572815533980584,0.49514563106796117,0.5080906148867314
dynamic,40,8,10,"tensor(13.0485, device='cuda:0')",0.009708737864077669,0.025889967637540454,0.06472491909385113,0.13915857605177995,0.23948220064724918,0.31715210355987056,0.3656957928802589,0.39158576051779936,0.43042071197411,0.44983818770226536,0.47572815533980584,0.49514563106796117,0.5080906148867314
dynamic,40,8,20,"tensor(13.0485, device='cuda:0')",0.009708737864077669,0.025889967637540454,0.06472491909385113,0.13915857605177995,0.23948220064724918,0.31715210355987056,0.3656957928802589,0.39158576051779936,0.43042071197411,0.44983818770226536,0.47572815533980584,0.49514563106796117,0.5080906148867314
dynamic,40,8,40,"tensor(13.0485, device='cuda:0')",0.009708737864077669,0.025889967637540454,0.06472491909385113,0.13915857605177995,0.23948220064724918,0.31715210355987056,0.3656957928802589,0.39158576051779936,0.43042071197411,0.44983818770226536,0.47572815533980584,0.49514563106796117,0.5080906148867314
dynamic,40,8,30,"tensor(13.0485, device='cuda:0')",0.009708737864077669,0.025889967637540454,0.06472491909385113,0.13915857605177995,0.23948220064724918,0.31715210355987056,0.3656957928802589,0.39158576051779936,0.43042071197411,0.44983818770226536,0.47572815533980584,0.49514563106796117,0.5080906148867314
dynamic,40,8,60,"tensor(13.0485, device='cuda:0')",0.009708737864077669,0.025889967637540454,0.06472491909385113,0.13915857605177995,0.23948220064724918,0.31715210355987056,0.3656957928802589,0.39158576051779936,0.43042071197411,0.44983818770226536,0.47572815533980584,0.49514563106796117,0.5080906148867314
dynamic,40,8,70,"tensor(13.0485, device='cuda:0')",0.009708737864077669,0.025889967637540454,0.06472491909385113,0.13915857605177995,0.23948220064724918,0.31715210355987056,0.3656957928802589,0.39158576051779936,0.43042071197411,0.44983818770226536,0.47572815533980584,0.49514563106796117,0.5080906148867314
dynamic,40,8,50,"tensor(13.0485, device='cuda:0')",0.009708737864077669,0.025889967637540454,0.06472491909385113,0.13915857605177995,0.23948220064724918,0.31715210355987056,0.3656957928802589,0.39158576051779936,0.43042071197411,0.44983818770226536,0.47572815533980584,0.49514563106796117,0.5080906148867314
dynamic,40,8,80,"tensor(13.0485, device='cuda:0')",0.009708737864077669,0.025889967637540454,0.06472491909385113,0.13915857605177995,0.23948220064724918,0.31715210355987056,0.3656957928802589,0.39158576051779936,0.43042071197411,0.44983818770226536,0.47572815533980584,0.49514563106796117,0.5080906148867314
dynamic,40,8,90,"tensor(13.0485, device='cuda:0')",0.009708737864077669,0.025889967637540454,0.06472491909385113,0.13915857605177995,0.23948220064724918,0.31715210355987056,0.3656957928802589,0.39158576051779936,0.43042071197411,0.44983818770226536,0.47572815533980584,0.49514563106796117,0.5080906148867314
dynamic,40,8,100,"tensor(13.0485, device='cuda:0')",0.009708737864077669,0.025889967637540454,0.06472491909385113,0.13915857605177995,0.23948220064724918,0.31715210355987056,0.3656957928802589,0.39158576051779936,0.43042071197411,0.44983818770226536,0.47572815533980584,0.49514563106796117,0.5080906148867314
