dynamic,2,5,30,"tensor(21.9532, device='cuda:2')",0.0646,0.2108,0.3316,0.4848,0.5838,0.6532,0.7058,0.744,0.768,0.7948,0.8168,0.8346,0.8494,0.8624,0.873,0.95,0.966,0.9758,0.9834,0.987,0.989,0.992,0.9938
total,2,5,30,"tensor(21.9532, device='cuda:2')",0.1608,0.2108
dynamic,2,5,60,"tensor(20.6374, device='cuda:0')",0.034,0.1416,0.2186,0.3126,0.3796,0.4354,0.4772,0.5116,0.5448,0.574,0.599,0.6234,0.6422,0.663,0.6764,0.8166,0.856,0.886,0.9048,0.9206,0.9304,0.939,0.9472
total,2,5,60,"tensor(20.6374, device='cuda:0')",0.1152,0.1416
dynamic,2,5,80,"tensor(20.7138, device='cuda:0')",0.0488,0.1402,0.2078,0.295,0.3644,0.4136,0.4602,0.4936,0.5252,0.5524,0.5768,0.6022,0.6234,0.6428,0.6592,0.8236,0.869,0.9022,0.9216,0.9376,0.948,0.957,0.965
dynamic,2,5,70,"tensor(19.8960, device='cuda:1')",0.0318,0.1008,0.1694,0.2722,0.3478,0.4114,0.4548,0.4954,0.5304,0.5582,0.5856,0.6088,0.6294,0.649,0.6664,0.8262,0.8706,0.8954,0.9114,0.9252,0.9348,0.9426,0.949
dynamic,2,5,50,"tensor(20.7284, device='cuda:3')",0.0124,0.058,0.1222,0.238,0.3252,0.3876,0.434,0.478,0.5132,0.5484,0.5754,0.596,0.6138,0.6348,0.6554,0.8142,0.8624,0.8904,0.9128,0.9264,0.9364,0.9466,0.9524
dynamic,2,5,90,"tensor(20.0108, device='cuda:1')",0.0296,0.0828,0.1362,0.2176,0.2898,0.349,0.402,0.4472,0.4866,0.5238,0.5562,0.5836,0.6094,0.6314,0.6518,0.831,0.8776,0.9062,0.9232,0.9354,0.9482,0.9554,0.9624
total,2,5,80,"tensor(20.7138, device='cuda:0')",0.1082,0.1402
total,2,5,70,"tensor(19.8960, device='cuda:1')",0.0822,0.1008
total,2,5,50,"tensor(20.7284, device='cuda:3')",0.0468,0.058
total,2,5,90,"tensor(20.0108, device='cuda:1')",0.066,0.0828
dynamic,2,5,10,"tensor(11.0954, device='cuda:1')",0.0912,0.1954,0.2446,0.2992,0.3334,0.3496,0.3648,0.3762,0.3852,0.391,0.3976,0.401,0.4052,0.4086,0.412,0.4318,0.4382,0.4428,0.4476,0.4524,0.4572,0.462,0.467
total,2,5,10,"tensor(11.0954, device='cuda:1')",0.151,0.1954
dynamic,2,5,1,"tensor(1.0612, device='cuda:2')",0.0016,0.0036,0.0054,0.0116,0.0174,0.0224,0.0268,0.0312,0.036,0.0396,0.0426,0.047,0.0502,0.054,0.0566,0.1088,0.1386,0.166,0.1916,0.2182,0.2478,0.2712,0.298
total,2,5,1,"tensor(1.0612, device='cuda:2')",0.0036,0.0036
dynamic,2,5,100,"tensor(19.4974, device='cuda:2')",0.026,0.0892,0.1376,0.2076,0.2712,0.3204,0.3604,0.3972,0.434,0.4676,0.495,0.523,0.5478,0.5724,0.5936,0.785,0.834,0.8682,0.8866,0.9052,0.9154,0.9266,0.934
total,2,5,100,"tensor(19.4974, device='cuda:2')",0.0694,0.0892
dynamic,6,5,10,"tensor(18.2584, device='cuda:1')",0.0372,0.0454,0.06,0.1014,0.1404,0.1808,0.22,0.2524,0.2832,0.3074,0.33,0.351,0.3694,0.3888,0.4068,0.594,0.6494,0.6902,0.72,0.7414,0.7554,0.7678,0.7732
total,6,5,10,"tensor(18.2584, device='cuda:1')",0.0384,0.0454
dynamic,6,5,1,"tensor(6.0650, device='cuda:0')",0.018,0.0396,0.0568,0.1034,0.131,0.151,0.165,0.178,0.1852,0.1932,0.1976,0.201,0.2052,0.2086,0.2124,0.2328,0.2388,0.2456,0.254,0.263,0.2724,0.2836,0.302
total,6,5,1,"tensor(6.0650, device='cuda:0')",0.032,0.0396
dynamic,6,5,30,"tensor(19.2040, device='cuda:2')",0.0148,0.0546,0.1024,0.1736,0.2196,0.2536,0.2864,0.3096,0.3302,0.3502,0.3672,0.3828,0.3966,0.4092,0.4236,0.5576,0.6122,0.6614,0.7024,0.735,0.7632,0.7886,0.8078
total,6,5,30,"tensor(19.2040, device='cuda:2')",0.0494,0.0546
dynamic,2,5,300,"tensor(1.5102, device='cuda:2')",0.003,0.01,0.0162,0.0248,0.0284,0.0326,0.035,0.0366,0.0378,0.0396,0.0414,0.0424,0.0444,0.0452,0.0468,0.0952,0.1228,0.1526,0.1806,0.2092,0.2386,0.2608,0.286
total,2,5,300,"tensor(1.5102, device='cuda:2')",0.008,0.01
dynamic,2,5,500,"tensor(1.0908, device='cuda:0')",0.0,0.0004,0.0014,0.0032,0.011,0.0154,0.0186,0.0216,0.024,0.0302,0.0366,0.0406,0.044,0.0486,0.0514,0.1032,0.1362,0.1648,0.1916,0.2194,0.2448,0.2716,0.2938
total,2,5,500,"tensor(1.0908, device='cuda:0')",0.0004,0.0004
dynamic,2,5,400,"tensor(1.1654, device='cuda:3')",0.0004,0.0034,0.008,0.0132,0.0156,0.0194,0.0202,0.0226,0.024,0.0264,0.03,0.0336,0.0388,0.0424,0.0454,0.103,0.1338,0.1674,0.1928,0.2202,0.243,0.2722,0.2942
total,2,5,400,"tensor(1.1654, device='cuda:3')",0.0026,0.0034
dynamic,6,5,50,"tensor(18.7756, device='cuda:3')",0.0088,0.0394,0.0708,0.128,0.175,0.2128,0.2436,0.2676,0.2888,0.307,0.321,0.336,0.3488,0.3636,0.3746,0.5214,0.575,0.6236,0.6654,0.6996,0.7298,0.7612,0.786
total,6,5,50,"tensor(18.7756, device='cuda:3')",0.033,0.0394
dynamic,6,5,60,"tensor(17.5118, device='cuda:0')",0.0152,0.0498,0.0828,0.1304,0.1602,0.1866,0.2056,0.2256,0.2432,0.259,0.2728,0.289,0.3,0.3126,0.3216,0.4546,0.5146,0.5642,0.6034,0.6382,0.6698,0.6964,0.7228
total,6,5,60,"tensor(17.5118, device='cuda:0')",0.0446,0.0498
dynamic,6,5,70,"tensor(17.7312, device='cuda:1')",0.0078,0.0738,0.1016,0.1424,0.1732,0.1964,0.2188,0.2372,0.2542,0.2716,0.285,0.3006,0.3116,0.324,0.3374,0.4672,0.5248,0.5754,0.6116,0.65,0.6824,0.7088,0.7368
total,6,5,70,"tensor(17.7312, device='cuda:1')",0.0588,0.0738
dynamic,6,5,80,"tensor(17.7730, device='cuda:2')",0.0068,0.0316,0.0654,0.1168,0.1516,0.1766,0.2006,0.2202,0.2388,0.2536,0.2678,0.2828,0.296,0.3078,0.3208,0.4556,0.505,0.5518,0.5928,0.6276,0.663,0.6964,0.729
total,6,5,80,"tensor(17.7730, device='cuda:2')",0.03,0.0316
dynamic,6,5,90,"tensor(17.1088, device='cuda:3')",0.018,0.0552,0.0808,0.1162,0.144,0.169,0.19,0.2094,0.2284,0.2478,0.2576,0.2704,0.2846,0.2944,0.307,0.4466,0.5072,0.5606,0.5972,0.6338,0.668,0.6976,0.7226
total,6,5,90,"tensor(17.1088, device='cuda:3')",0.0472,0.0552
dynamic,6,5,100,"tensor(16.9836, device='cuda:0')",0.0052,0.0216,0.0462,0.0874,0.1154,0.1424,0.1638,0.1846,0.2022,0.2178,0.2306,0.2448,0.2562,0.2672,0.2786,0.4132,0.4668,0.5182,0.5594,0.595,0.627,0.658,0.6832
total,6,5,100,"tensor(16.9836, device='cuda:0')",0.0194,0.0216
dynamic,6,5,300,"tensor(8.7118, device='cuda:1')",0.0034,0.018,0.0282,0.0458,0.0598,0.0712,0.08,0.0904,0.1004,0.1078,0.1144,0.1222,0.1308,0.137,0.1442,0.2246,0.2594,0.2878,0.3142,0.336,0.3594,0.3828,0.4022
total,6,5,300,"tensor(8.7118, device='cuda:1')",0.016,0.018
dynamic,6,5,400,"tensor(6.2018, device='cuda:2')",0.0066,0.0172,0.0246,0.0372,0.0506,0.059,0.066,0.075,0.082,0.0868,0.093,0.1004,0.1058,0.1118,0.1168,0.1768,0.2016,0.2244,0.2434,0.262,0.2776,0.2962,0.3118
total,6,5,400,"tensor(6.2018, device='cuda:2')",0.0162,0.0172
dynamic,6,5,500,"tensor(4.8142, device='cuda:3')",0.0074,0.0176,0.0268,0.0388,0.0488,0.0574,0.0656,0.0724,0.08,0.0868,0.0908,0.0946,0.1,0.1052,0.11,0.1604,0.1806,0.2016,0.2242,0.2446,0.2618,0.2814,0.2942
total,6,5,500,"tensor(4.8142, device='cuda:3')",0.0164,0.0176
dynamic,12,5,1,"tensor(15.1362, device='cuda:0')",0.0566,0.0764,0.0874,0.1152,0.1472,0.1748,0.1978,0.218,0.2408,0.2638,0.2826,0.2978,0.316,0.332,0.3428,0.4688,0.5052,0.5308,0.5458,0.5558,0.5614,0.5676,0.5738
total,12,5,1,"tensor(15.1362, device='cuda:0')",0.0586,0.0764
dynamic,12,5,10,"tensor(19.1622, device='cuda:1')",0.0412,0.0572,0.0672,0.096,0.1252,0.1564,0.185,0.2134,0.239,0.2658,0.2866,0.3046,0.323,0.3366,0.3512,0.512,0.5666,0.6138,0.6514,0.6826,0.712,0.7338,0.7506
total,12,5,10,"tensor(19.1622, device='cuda:1')",0.0436,0.0572
dynamic,12,5,30,"tensor(18.2340, device='cuda:2')",0.018,0.0296,0.0562,0.1146,0.1612,0.2,0.2282,0.2528,0.2724,0.2912,0.3074,0.324,0.3394,0.3528,0.3646,0.491,0.5382,0.5824,0.6168,0.6528,0.6812,0.7088,0.7336
total,12,5,30,"tensor(18.2340, device='cuda:2')",0.0248,0.0296
dynamic,12,5,60,"tensor(16.3138, device='cuda:0')",0.0088,0.0388,0.0754,0.1234,0.1514,0.1764,0.197,0.2126,0.2276,0.2452,0.26,0.2714,0.2838,0.294,0.3032,0.4258,0.471,0.5148,0.549,0.5762,0.6028,0.628,0.6516
total,12,5,60,"tensor(16.3138, device='cuda:0')",0.0326,0.0388
dynamic,12,5,50,"tensor(17.0198, device='cuda:3')",0.0132,0.0294,0.0526,0.1046,0.137,0.1618,0.1848,0.2028,0.2232,0.2394,0.2588,0.2722,0.284,0.2962,0.3072,0.4358,0.4844,0.5274,0.563,0.5922,0.6224,0.6512,0.6762
total,12,5,50,"tensor(17.0198, device='cuda:3')",0.0274,0.0294
total,2,10,1,"tensor(1.0612, device='cuda:2')",0.005,0.0054,0.0054
dynamic,12,5,70,"tensor(16.2100, device='cuda:1')",0.0066,0.035,0.0696,0.1164,0.147,0.1704,0.1896,0.2062,0.2218,0.2374,0.2526,0.2652,0.2782,0.289,0.3,0.416,0.4706,0.512,0.5482,0.5758,0.6004,0.6248,0.6478
total,2,10,10,"tensor(11.0954, device='cuda:1')",0.1684,0.2342,0.2446
total,12,5,70,"tensor(16.2100, device='cuda:1')",0.0304,0.035
dynamic,12,5,80,"tensor(16.0692, device='cuda:2')",0.005,0.0414,0.0724,0.109,0.1336,0.1566,0.173,0.1898,0.2044,0.2178,0.232,0.2478,0.2574,0.2676,0.2796,0.3898,0.4432,0.4874,0.523,0.5492,0.578,0.6042,0.628
total,12,5,80,"tensor(16.0692, device='cuda:2')",0.037,0.0414
total,2,10,30,"tensor(21.9532, device='cuda:2')",0.2208,0.3184,0.3316
total,2,10,50,"tensor(20.7284, device='cuda:3')",0.0908,0.1212,0.1222
total,2,10,60,"tensor(20.6374, device='cuda:0')",0.1588,0.2134,0.2186
dynamic,12,5,90,"tensor(15.0106, device='cuda:3')",0.008,0.0404,0.078,0.1178,0.144,0.1656,0.184,0.2004,0.2128,0.2272,0.2424,0.2532,0.2646,0.2766,0.288,0.3958,0.4418,0.4806,0.5088,0.5362,0.5606,0.5812,0.602
total,12,5,90,"tensor(15.0106, device='cuda:3')",0.0334,0.0404
total,2,10,70,"tensor(19.8960, device='cuda:1')",0.1204,0.1656,0.1694
total,2,10,80,"tensor(20.7138, device='cuda:0')",0.1416,0.202,0.2078
total,2,10,90,"tensor(20.0108, device='cuda:1')",0.097,0.1336,0.1362
total,2,10,100,"tensor(19.4974, device='cuda:2')",0.0952,0.1354,0.1376
total,2,10,300,"tensor(1.5102, device='cuda:2')",0.0114,0.0158,0.0162
total,2,10,400,"tensor(1.1654, device='cuda:3')",0.0052,0.008,0.008
total,2,10,500,"tensor(1.0908, device='cuda:0')",0.0012,0.0014,0.0014
total,6,10,1,"tensor(6.0650, device='cuda:0')",0.0444,0.056,0.0568
total,6,10,10,"tensor(18.2584, device='cuda:1')",0.0502,0.0596,0.06
total,6,10,30,"tensor(19.2040, device='cuda:2')",0.0842,0.1016,0.1024
total,6,10,50,"tensor(18.7756, device='cuda:3')",0.056,0.0708,0.0708
total,6,10,60,"tensor(17.5118, device='cuda:0')",0.066,0.0824,0.0828
total,6,10,70,"tensor(17.7312, device='cuda:1')",0.073,0.099,0.1016
total,6,10,80,"tensor(17.7730, device='cuda:2')",0.0542,0.0652,0.0654
total,6,10,90,"tensor(17.1088, device='cuda:3')",0.0628,0.0804,0.0808
total,6,10,100,"tensor(16.9836, device='cuda:0')",0.0388,0.0462,0.0462
total,6,10,300,"tensor(8.7118, device='cuda:1')",0.023,0.0282,0.0282
total,6,10,400,"tensor(6.2018, device='cuda:2')",0.0218,0.0244,0.0246
total,6,10,500,"tensor(4.8142, device='cuda:3')",0.023,0.0268,0.0268
total,12,10,1,"tensor(15.1362, device='cuda:0')",0.0644,0.0832,0.0874
total,12,10,10,"tensor(19.1622, device='cuda:1')",0.0512,0.0666,0.0672
total,12,10,30,"tensor(18.2340, device='cuda:2')",0.046,0.056,0.0562
total,12,10,50,"tensor(17.0198, device='cuda:3')",0.0458,0.0526,0.0526
total,12,10,60,"tensor(16.3138, device='cuda:0')",0.0594,0.0754,0.0754
total,12,10,70,"tensor(16.2100, device='cuda:1')",0.0548,0.0692,0.0696
total,12,10,80,"tensor(16.0692, device='cuda:2')",0.0556,0.0718,0.0724
total,12,10,90,"tensor(15.0106, device='cuda:3')",0.0606,0.0772,0.078
total,2,20,1,"tensor(1.0612, device='cuda:2')",0.01,0.0116,0.0116,0.0116
total,2,20,10,"tensor(11.0954, device='cuda:1')",0.1842,0.267,0.2916,0.2992
total,2,20,30,"tensor(21.9532, device='cuda:2')",0.2888,0.4228,0.4664,0.4848
total,2,20,50,"tensor(20.7284, device='cuda:3')",0.155,0.2218,0.2352,0.238
total,2,20,60,"tensor(20.6374, device='cuda:0')",0.1956,0.2822,0.3066,0.3126
total,2,20,70,"tensor(19.8960, device='cuda:1')",0.1718,0.2462,0.2676,0.2722
total,2,20,80,"tensor(20.7138, device='cuda:0')",0.1762,0.2612,0.2876,0.295
total,2,20,90,"tensor(20.0108, device='cuda:1')",0.1402,0.2,0.2146,0.2176
total,2,20,100,"tensor(19.4974, device='cuda:2')",0.1286,0.191,0.205,0.2076
total,2,20,300,"tensor(1.5102, device='cuda:2')",0.016,0.0236,0.0248,0.0248
total,2,20,400,"tensor(1.1654, device='cuda:3')",0.008,0.013,0.0132,0.0132
total,2,20,500,"tensor(1.0908, device='cuda:0')",0.002,0.0032,0.0032,0.0032
total,6,20,1,"tensor(6.0650, device='cuda:0')",0.0744,0.1,0.1028,0.1034
total,6,20,10,"tensor(18.2584, device='cuda:1')",0.08,0.1,0.1014,0.1014
total,6,20,30,"tensor(19.2040, device='cuda:2')",0.128,0.1664,0.1726,0.1736
total,6,20,50,"tensor(18.7756, device='cuda:3')",0.0916,0.1252,0.1278,0.128
total,6,20,60,"tensor(17.5118, device='cuda:0')",0.0946,0.1254,0.13,0.1304
total,6,20,70,"tensor(17.7312, device='cuda:1')",0.0946,0.1322,0.1396,0.1424
total,6,20,80,"tensor(17.7730, device='cuda:2')",0.0802,0.11,0.116,0.1168
total,6,20,90,"tensor(17.1088, device='cuda:3')",0.0836,0.1086,0.1154,0.1162
dynamic,12,5,100,"tensor(14.9402, device='cuda:0')",0.004,0.0402,0.0694,0.1042,0.1274,0.1472,0.1644,0.1784,0.1928,0.2048,0.2182,0.2298,0.2416,0.2504,0.2602,0.3582,0.4022,0.439,0.4764,0.5018,0.5326,0.5568,0.5804
total,12,5,100,"tensor(14.9402, device='cuda:0')",0.0342,0.0402
total,6,20,100,"tensor(16.9836, device='cuda:0')",0.0658,0.0862,0.0874,0.0874
total,6,20,300,"tensor(8.7118, device='cuda:1')",0.0358,0.045,0.0458,0.0458
total,6,20,400,"tensor(6.2018, device='cuda:2')",0.0308,0.0364,0.0372,0.0372
total,6,20,500,"tensor(4.8142, device='cuda:3')",0.0314,0.0388,0.0388,0.0388
total,12,20,1,"tensor(15.1362, device='cuda:0')",0.0862,0.109,0.1138,0.1152
total,12,20,10,"tensor(19.1622, device='cuda:1')",0.069,0.093,0.0954,0.096
total,12,20,30,"tensor(18.2340, device='cuda:2')",0.0844,0.1114,0.1144,0.1146
total,12,20,50,"tensor(17.0198, device='cuda:3')",0.0768,0.1022,0.1046,0.1046
total,12,20,60,"tensor(16.3138, device='cuda:0')",0.0874,0.1192,0.1232,0.1234
total,12,20,70,"tensor(16.2100, device='cuda:1')",0.0808,0.112,0.116,0.1164
total,12,20,80,"tensor(16.0692, device='cuda:2')",0.0756,0.1064,0.1084,0.109
total,12,20,100,"tensor(14.9402, device='cuda:0')",0.0732,0.1004,0.104,0.1042
total,12,20,90,"tensor(15.0106, device='cuda:3')",0.0838,0.1138,0.1174,0.1178
dynamic,12,5,300,"tensor(10.9002, device='cuda:1')",0.0078,0.0252,0.0374,0.0568,0.0724,0.0832,0.0962,0.1058,0.1162,0.123,0.1312,0.1398,0.1456,0.1518,0.1592,0.2454,0.2866,0.3218,0.35,0.3782,0.4024,0.4238,0.4424
total,12,5,300,"tensor(10.9002, device='cuda:1')",0.023,0.0252
total,2,50,1,"tensor(1.0612, device='cuda:2')",0.0202,0.0264,0.0268,0.0268,0.0268,0.0268,0.0268
total,2,50,10,"tensor(11.0954, device='cuda:1')",0.1958,0.2954,0.3324,0.3554,0.362,0.364,0.3648
total,2,50,30,"tensor(21.9532, device='cuda:2')",0.3554,0.5506,0.6164,0.6762,0.6982,0.7042,0.7058
total,2,50,50,"tensor(20.7284, device='cuda:3')",0.2366,0.358,0.4004,0.427,0.433,0.434,0.434
total,2,50,60,"tensor(20.6374, device='cuda:0')",0.2606,0.3888,0.4306,0.4668,0.4754,0.477,0.4772
total,2,50,70,"tensor(19.8960, device='cuda:1')",0.2464,0.3734,0.4154,0.4466,0.453,0.4548,0.4548
total,2,50,80,"tensor(20.7138, device='cuda:0')",0.2408,0.3718,0.4172,0.4504,0.4584,0.4602,0.4602
total,2,50,90,"tensor(20.0108, device='cuda:1')",0.2208,0.333,0.368,0.3958,0.4012,0.402,0.402
total,2,50,100,"tensor(19.4974, device='cuda:2')",0.1982,0.2982,0.3328,0.3544,0.3596,0.3604,0.3604
total,2,50,300,"tensor(1.5102, device='cuda:2')",0.0198,0.03,0.0344,0.035,0.035,0.035,0.035
total,2,50,400,"tensor(1.1654, device='cuda:3')",0.0124,0.0188,0.0202,0.0202,0.0202,0.0202,0.0202
dynamic,12,5,400,"tensor(9.7302, device='cuda:2')",0.011,0.025,0.0402,0.059,0.0748,0.0882,0.0994,0.11,0.117,0.1252,0.1302,0.1376,0.1462,0.1538,0.1604,0.237,0.2712,0.304,0.3308,0.3536,0.3754,0.3966,0.4142
total,12,5,400,"tensor(9.7302, device='cuda:2')",0.0236,0.025
total,2,50,500,"tensor(1.0908, device='cuda:0')",0.013,0.0184,0.0184,0.0184,0.0184,0.0184,0.0186
total,6,50,1,"tensor(6.0650, device='cuda:0')",0.101,0.1484,0.1596,0.1648,0.165,0.165,0.165
total,6,50,10,"tensor(18.2584, device='cuda:1')",0.1496,0.2024,0.2158,0.2198,0.22,0.22,0.22
dynamic,12,5,500,"tensor(9.2926, device='cuda:3')",0.0076,0.0184,0.0316,0.0484,0.0622,0.0762,0.0862,0.0948,0.1032,0.1116,0.1202,0.1256,0.1318,0.1414,0.147,0.2304,0.2638,0.2946,0.3206,0.345,0.3688,0.392,0.4098
total,6,50,30,"tensor(19.2040, device='cuda:2')",0.1746,0.25,0.2712,0.2836,0.2858,0.2864,0.2864
total,12,5,500,"tensor(9.2926, device='cuda:3')",0.017,0.0184
total,6,50,50,"tensor(18.7756, device='cuda:3')",0.1434,0.2128,0.234,0.2426,0.2434,0.2436,0.2436
total,6,50,60,"tensor(17.5118, device='cuda:0')",0.1314,0.1838,0.1978,0.2042,0.2052,0.2056,0.2056
total,6,50,70,"tensor(17.7312, device='cuda:1')",0.1334,0.1904,0.2074,0.2166,0.2184,0.2188,0.2188
total,6,50,80,"tensor(17.7730, device='cuda:2')",0.1228,0.1746,0.1918,0.2,0.2004,0.2006,0.2006
total,6,50,90,"tensor(17.1088, device='cuda:3')",0.1198,0.1696,0.184,0.189,0.1896,0.1898,0.19
total,6,50,100,"tensor(16.9836, device='cuda:0')",0.1068,0.1498,0.161,0.1636,0.1638,0.1638,0.1638
total,6,50,300,"tensor(8.7118, device='cuda:1')",0.0588,0.0768,0.0794,0.08,0.08,0.08,0.08
total,6,50,400,"tensor(6.2018, device='cuda:2')",0.049,0.0638,0.0654,0.0658,0.066,0.066,0.066
total,6,50,500,"tensor(4.8142, device='cuda:3')",0.0494,0.0646,0.0656,0.0656,0.0656,0.0656,0.0656
total,12,50,1,"tensor(15.1362, device='cuda:0')",0.1318,0.1778,0.1898,0.1974,0.1978,0.1978,0.1978
total,12,50,10,"tensor(19.1622, device='cuda:1')",0.1204,0.1706,0.1818,0.185,0.185,0.185,0.185
total,12,50,30,"tensor(18.2340, device='cuda:2')",0.144,0.208,0.2214,0.2274,0.2282,0.2282,0.2282
total,12,50,60,"tensor(16.3138, device='cuda:0')",0.125,0.1808,0.191,0.1964,0.197,0.197,0.197
total,12,50,50,"tensor(17.0198, device='cuda:3')",0.1194,0.1706,0.1816,0.1844,0.1848,0.1848,0.1848
total,12,50,70,"tensor(16.2100, device='cuda:1')",0.1176,0.1716,0.183,0.1886,0.1894,0.1896,0.1896
total,12,50,80,"tensor(16.0692, device='cuda:2')",0.1054,0.1614,0.169,0.173,0.173,0.173,0.173
total,12,50,100,"tensor(14.9402, device='cuda:0')",0.1072,0.1506,0.1608,0.1642,0.1644,0.1644,0.1644
total,12,50,90,"tensor(15.0106, device='cuda:3')",0.1174,0.1686,0.179,0.1838,0.184,0.184,0.184
total,12,50,300,"tensor(10.9002, device='cuda:1')",0.07,0.092,0.0958,0.0962,0.0962,0.0962,0.0962
total,12,50,400,"tensor(9.7302, device='cuda:2')",0.0738,0.096,0.099,0.0994,0.0994,0.0994,0.0994
total,12,50,500,"tensor(9.2926, device='cuda:3')",0.0646,0.083,0.0854,0.086,0.0862,0.0862,0.0862
total,2,100,10,"tensor(11.0954, device='cuda:1')",0.2068,0.3158,0.354,0.3834,0.3932,0.3974,0.3998,0.4008,0.401,0.401,0.401,0.401
total,2,100,1,"tensor(1.0612, device='cuda:2')",0.033,0.0446,0.0462,0.047,0.047,0.047,0.047,0.047,0.047,0.047,0.047,0.047
total,2,100,30,"tensor(21.9532, device='cuda:2')",0.3822,0.6038,0.685,0.757,0.7948,0.8156,0.8254,0.8306,0.8328,0.834,0.8346,0.8346
total,2,100,50,"tensor(20.7284, device='cuda:3')",0.2926,0.458,0.5144,0.5632,0.5822,0.5918,0.5942,0.5954,0.596,0.596,0.596,0.596
total,2,100,60,"tensor(20.6374, device='cuda:0')",0.3046,0.4734,0.5328,0.5864,0.6074,0.6166,0.6212,0.6228,0.6232,0.6232,0.6234,0.6234
total,2,100,70,"tensor(19.8960, device='cuda:1')",0.297,0.4634,0.5234,0.5748,0.5958,0.6054,0.6076,0.6088,0.6088,0.6088,0.6088,0.6088
total,2,100,80,"tensor(20.7138, device='cuda:0')",0.291,0.4568,0.515,0.5658,0.588,0.5974,0.6008,0.6016,0.6022,0.6022,0.6022,0.6022
total,2,100,90,"tensor(20.0108, device='cuda:1')",0.285,0.4452,0.5064,0.555,0.5732,0.5804,0.5828,0.5836,0.5836,0.5836,0.5836,0.5836
total,2,100,300,"tensor(1.5102, device='cuda:2')",0.0244,0.0362,0.04,0.0424,0.0424,0.0424,0.0424,0.0424,0.0424,0.0424,0.0424,0.0424
total,2,100,100,"tensor(19.4974, device='cuda:2')",0.254,0.4016,0.4596,0.4984,0.515,0.5208,0.5218,0.5226,0.5228,0.523,0.523,0.523
total,2,100,400,"tensor(1.1654, device='cuda:3')",0.0202,0.0306,0.033,0.0334,0.0334,0.0334,0.0334,0.0334,0.0334,0.0336,0.0336,0.0336
total,2,100,500,"tensor(1.0908, device='cuda:0')",0.027,0.0386,0.0402,0.0404,0.0404,0.0404,0.0404,0.0404,0.0406,0.0406,0.0406,0.0406
total,6,100,1,"tensor(6.0650, device='cuda:0')",0.112,0.1716,0.1888,0.1964,0.1994,0.2004,0.2008,0.201,0.201,0.201,0.201,0.201
total,6,100,10,"tensor(18.2584, device='cuda:1')",0.2062,0.2958,0.3218,0.3454,0.349,0.35,0.3508,0.3508,0.3508,0.3508,0.351,0.351
total,6,100,30,"tensor(19.2040, device='cuda:2')",0.2082,0.312,0.348,0.3716,0.3784,0.3816,0.3824,0.3828,0.3828,0.3828,0.3828,0.3828
total,6,100,50,"tensor(18.7756, device='cuda:3')",0.1798,0.2744,0.3056,0.3282,0.3332,0.335,0.3356,0.336,0.336,0.336,0.336,0.336
total,6,100,70,"tensor(17.7312, device='cuda:1')",0.1716,0.2502,0.2772,0.2944,0.2986,0.3002,0.3004,0.3004,0.3006,0.3006,0.3006,0.3006
total,6,100,60,"tensor(17.5118, device='cuda:0')",0.1684,0.2448,0.2692,0.2834,0.288,0.2888,0.2888,0.289,0.289,0.289,0.289,0.289
total,6,100,80,"tensor(17.7730, device='cuda:2')",0.163,0.2322,0.259,0.2778,0.282,0.2826,0.2826,0.2828,0.2828,0.2828,0.2828,0.2828
total,6,100,90,"tensor(17.1088, device='cuda:3')",0.1564,0.2296,0.2536,0.2668,0.2694,0.27,0.27,0.2702,0.2702,0.2702,0.2702,0.2704
total,6,100,100,"tensor(16.9836, device='cuda:0')",0.1424,0.2092,0.23,0.242,0.2438,0.2444,0.2448,0.2448,0.2448,0.2448,0.2448,0.2448
total,6,100,300,"tensor(8.7118, device='cuda:1')",0.0824,0.1136,0.1196,0.1216,0.122,0.1222,0.1222,0.1222,0.1222,0.1222,0.1222,0.1222
total,6,100,400,"tensor(6.2018, device='cuda:2')",0.0646,0.0944,0.0984,0.1002,0.1004,0.1004,0.1004,0.1004,0.1004,0.1004,0.1004,0.1004
total,6,100,500,"tensor(4.8142, device='cuda:3')",0.068,0.09,0.0936,0.0946,0.0946,0.0946,0.0946,0.0946,0.0946,0.0946,0.0946,0.0946
total,12,100,1,"tensor(15.1362, device='cuda:0')",0.1708,0.2556,0.2754,0.291,0.2968,0.2976,0.2978,0.2978,0.2978,0.2978,0.2978,0.2978
total,12,100,10,"tensor(19.1622, device='cuda:1')",0.1744,0.2572,0.284,0.299,0.304,0.3044,0.3044,0.3044,0.3044,0.3044,0.3044,0.3046
total,12,100,30,"tensor(18.2340, device='cuda:2')",0.1818,0.2738,0.3006,0.3166,0.3214,0.3236,0.324,0.324,0.324,0.324,0.324,0.324
total,12,100,50,"tensor(17.0198, device='cuda:3')",0.1612,0.237,0.2604,0.2692,0.2712,0.272,0.2722,0.2722,0.2722,0.2722,0.2722,0.2722
total,12,100,60,"tensor(16.3138, device='cuda:0')",0.1614,0.2334,0.2564,0.2662,0.2704,0.2708,0.2714,0.2714,0.2714,0.2714,0.2714,0.2714
total,12,100,70,"tensor(16.2100, device='cuda:1')",0.1576,0.2266,0.248,0.2594,0.2636,0.2648,0.265,0.2652,0.2652,0.2652,0.2652,0.2652
total,12,100,80,"tensor(16.0692, device='cuda:2')",0.146,0.2166,0.2362,0.2442,0.247,0.2476,0.2478,0.2478,0.2478,0.2478,0.2478,0.2478
total,12,100,90,"tensor(15.0106, device='cuda:3')",0.1522,0.217,0.2384,0.2506,0.2524,0.2528,0.2532,0.2532,0.2532,0.2532,0.2532,0.2532
total,12,100,100,"tensor(14.9402, device='cuda:0')",0.1448,0.203,0.2212,0.2284,0.2296,0.2298,0.2298,0.2298,0.2298,0.2298,0.2298,0.2298
total,12,100,300,"tensor(10.9002, device='cuda:1')",0.095,0.129,0.137,0.1396,0.1398,0.1398,0.1398,0.1398,0.1398,0.1398,0.1398,0.1398
total,12,100,400,"tensor(9.7302, device='cuda:2')",0.0934,0.129,0.1344,0.1374,0.1376,0.1376,0.1376,0.1376,0.1376,0.1376,0.1376,0.1376
total,12,100,500,"tensor(9.2926, device='cuda:3')",0.0878,0.1164,0.1232,0.1248,0.1256,0.1256,0.1256,0.1256,0.1256,0.1256,0.1256,0.1256
total,2,500,1,"tensor(1.0612, device='cuda:2')",0.1004,0.1442,0.1542,0.1636,0.1654,0.1658,0.1658,0.166,0.166,0.166,0.166,0.166,0.166,0.166,0.166,0.166,0.166,0.166
total,2,500,10,"tensor(11.0954, device='cuda:1')",0.2186,0.3402,0.3814,0.4106,0.4256,0.4316,0.4356,0.4384,0.4396,0.441,0.4414,0.4418,0.442,0.4422,0.4424,0.4428,0.4428,0.4428
total,2,500,50,"tensor(20.7284, device='cuda:3')",0.3802,0.6068,0.6958,0.7728,0.8144,0.8418,0.8568,0.867,0.8756,0.8792,0.8814,0.884,0.8864,0.8874,0.8882,0.8904,0.8904,0.8904
total,2,500,30,"tensor(21.9532, device='cuda:2')",0.4006,0.6526,0.7426,0.831,0.8758,0.9074,0.9268,0.9396,0.9496,0.956,0.9606,0.9646,0.9666,0.9702,0.9716,0.9754,0.9758,0.9758
total,2,500,60,"tensor(20.6374, device='cuda:0')",0.3782,0.607,0.6948,0.7674,0.8106,0.8354,0.8522,0.8628,0.8704,0.874,0.8768,0.8794,0.8816,0.8824,0.883,0.8858,0.886,0.886
total,2,500,70,"tensor(19.8960, device='cuda:1')",0.3818,0.6102,0.6976,0.7796,0.8208,0.8482,0.8626,0.8718,0.8806,0.8856,0.8884,0.8902,0.8922,0.8928,0.8934,0.8954,0.8954,0.8954
total,2,500,80,"tensor(20.7138, device='cuda:0')",0.3818,0.6108,0.7004,0.7782,0.8236,0.8506,0.867,0.8784,0.8864,0.891,0.8934,0.8966,0.8984,0.8998,0.9004,0.9022,0.9022,0.9022
total,2,500,90,"tensor(20.0108, device='cuda:1')",0.3862,0.619,0.7088,0.786,0.8304,0.8588,0.874,0.8846,0.892,0.8978,0.8998,0.9022,0.9036,0.9042,0.9048,0.9062,0.9062,0.9062
total,2,500,100,"tensor(19.4974, device='cuda:2')",0.3744,0.598,0.6844,0.758,0.7994,0.824,0.8382,0.8478,0.8554,0.8602,0.8624,0.8644,0.8658,0.8664,0.8668,0.868,0.8682,0.8682
total,2,500,300,"tensor(1.5102, device='cuda:2')",0.0872,0.1276,0.1388,0.1504,0.1522,0.1524,0.1524,0.1526,0.1526,0.1526,0.1526,0.1526,0.1526,0.1526,0.1526,0.1526,0.1526,0.1526
total,2,500,400,"tensor(1.1654, device='cuda:3')",0.097,0.1406,0.1532,0.163,0.1664,0.167,0.167,0.1672,0.1672,0.1672,0.1672,0.1672,0.1672,0.1672,0.1672,0.1672,0.1674,0.1674
total,2,500,500,"tensor(1.0908, device='cuda:0')",0.0972,0.142,0.1528,0.1618,0.1642,0.1644,0.1644,0.1646,0.1646,0.1646,0.1646,0.1646,0.1646,0.1646,0.1646,0.1646,0.1648,0.1648
total,6,500,1,"tensor(6.0650, device='cuda:0')",0.1326,0.2002,0.2204,0.2342,0.2406,0.2422,0.2434,0.2442,0.245,0.245,0.245,0.245,0.245,0.245,0.245,0.2454,0.2454,0.2456
total,6,500,10,"tensor(18.2584, device='cuda:1')",0.3124,0.4914,0.5574,0.6156,0.6444,0.6628,0.6716,0.6778,0.6822,0.685,0.6872,0.6886,0.689,0.6894,0.6898,0.69,0.69,0.6902
total,6,500,30,"tensor(19.2040, device='cuda:2')",0.3022,0.4786,0.5388,0.595,0.6266,0.6402,0.6474,0.6518,0.6558,0.6582,0.6594,0.6604,0.6608,0.661,0.6614,0.6614,0.6614,0.6614
total,6,500,50,"tensor(18.7756, device='cuda:3')",0.288,0.4514,0.5138,0.568,0.5938,0.606,0.6132,0.6164,0.6184,0.6204,0.6216,0.6222,0.6224,0.6228,0.6232,0.6234,0.6234,0.6236
total,6,500,90,"tensor(17.1088, device='cuda:3')",0.2664,0.4212,0.4764,0.5212,0.5406,0.5504,0.5552,0.5582,0.5592,0.5598,0.56,0.5602,0.5602,0.5604,0.5604,0.5604,0.5604,0.5606
total,6,500,70,"tensor(17.7312, device='cuda:1')",0.2724,0.423,0.4782,0.526,0.5488,0.5598,0.5662,0.5696,0.5718,0.5724,0.5734,0.5736,0.574,0.5744,0.5748,0.5754,0.5754,0.5754
total,6,500,60,"tensor(17.5118, device='cuda:0')",0.2726,0.4202,0.4688,0.518,0.5412,0.5512,0.5558,0.5594,0.5608,0.5616,0.5632,0.5634,0.5636,0.5638,0.5638,0.564,0.5642,0.5642
total,6,500,80,"tensor(17.7730, device='cuda:2')",0.2652,0.4092,0.4622,0.5082,0.5298,0.5384,0.5434,0.5468,0.549,0.5496,0.5506,0.5508,0.5514,0.5514,0.5514,0.5516,0.5518,0.5518
total,6,500,300,"tensor(8.7118, device='cuda:1')",0.1544,0.2348,0.2626,0.2784,0.2832,0.2854,0.286,0.286,0.2862,0.2864,0.2866,0.2866,0.2868,0.287,0.287,0.2876,0.2876,0.2878
total,6,500,100,"tensor(16.9836, device='cuda:0')",0.2482,0.3874,0.4382,0.4806,0.4996,0.5074,0.5116,0.5144,0.516,0.5168,0.5172,0.5174,0.5178,0.518,0.518,0.5182,0.5182,0.5182
total,6,500,400,"tensor(6.2018, device='cuda:2')",0.12,0.181,0.2006,0.2178,0.2218,0.223,0.2236,0.2236,0.2236,0.2236,0.2236,0.2236,0.2236,0.2236,0.2236,0.224,0.2242,0.2244
total,6,500,500,"tensor(4.8142, device='cuda:3')",0.1246,0.1766,0.1906,0.1994,0.201,0.2012,0.2012,0.2012,0.2014,0.2014,0.2014,0.2014,0.2014,0.2014,0.2014,0.2014,0.2014,0.2016
total,12,500,50,"tensor(17.0198, device='cuda:3')",0.265,0.3998,0.4536,0.4936,0.509,0.5162,0.5206,0.5234,0.525,0.5258,0.5264,0.5264,0.527,0.527,0.527,0.5272,0.5274,0.5274
total,12,500,30,"tensor(18.2340, device='cuda:2')",0.2764,0.4318,0.4898,0.5374,0.558,0.5686,0.5734,0.5762,0.5794,0.5806,0.5814,0.5818,0.5818,0.5822,0.5822,0.5824,0.5824,0.5824
total,12,500,10,"tensor(19.1622, device='cuda:1')",0.275,0.4384,0.5008,0.5562,0.5828,0.5946,0.6028,0.6056,0.6088,0.6106,0.6116,0.6124,0.613,0.6136,0.6136,0.6136,0.6136,0.6138
total,12,500,80,"tensor(16.0692, device='cuda:2')",0.2384,0.3758,0.4236,0.4598,0.4736,0.4792,0.4834,0.4852,0.486,0.4868,0.487,0.4872,0.4874,0.4874,0.4874,0.4874,0.4874,0.4874
total,12,500,70,"tensor(16.2100, device='cuda:1')",0.25,0.3822,0.4396,0.478,0.4952,0.502,0.506,0.5088,0.5102,0.5114,0.5114,0.5116,0.5118,0.5118,0.5118,0.512,0.512,0.512
total,12,500,1,"tensor(15.1362, device='cuda:0')",0.2496,0.3954,0.4438,0.484,0.5026,0.5154,0.5212,0.5246,0.5268,0.5282,0.5292,0.5296,0.53,0.53,0.53,0.5306,0.5306,0.5308
total,12,500,90,"tensor(15.0106, device='cuda:3')",0.2346,0.3638,0.4134,0.4528,0.468,0.4742,0.4762,0.4788,0.479,0.4796,0.4796,0.4802,0.4802,0.4802,0.4804,0.4804,0.4806,0.4806
total,12,500,60,"tensor(16.3138, device='cuda:0')",0.2574,0.3938,0.4454,0.4832,0.4984,0.5054,0.5094,0.5114,0.5132,0.5136,0.5138,0.5142,0.5146,0.5146,0.5146,0.5148,0.5148,0.5148
total,12,500,300,"tensor(10.9002, device='cuda:1')",0.18,0.26,0.2898,0.311,0.3166,0.3194,0.3206,0.321,0.3214,0.3216,0.3216,0.3216,0.3216,0.3218,0.3218,0.3218,0.3218,0.3218
total,12,500,400,"tensor(9.7302, device='cuda:2')",0.1708,0.2494,0.2756,0.2956,0.301,0.3024,0.3032,0.3036,0.3036,0.3036,0.3036,0.3036,0.3038,0.3038,0.3038,0.304,0.304,0.304
total,12,500,500,"tensor(9.2926, device='cuda:3')",0.1646,0.2404,0.268,0.2844,0.2906,0.2922,0.2936,0.2936,0.2942,0.2942,0.2942,0.2944,0.2944,0.2944,0.2944,0.2946,0.2946,0.2946
total,12,500,100,"tensor(14.9402, device='cuda:0')",0.2276,0.345,0.3848,0.4194,0.431,0.4346,0.4364,0.4378,0.4386,0.4388,0.439,0.439,0.439,0.439,0.439,0.439,0.439,0.439
