S,error_bar,layer1,layer2,layer3,layer4,layer5,layer6,layer7,layer8,layer9,layer10,layer11,layer12,layer13,layer14,layer15,layer16,layer17,layer18,layer19,layer20,layer21,layer22,layer23,layer24,layer25,layer26,layer27,layer28,layer29,layer30,layer31,layer32
30,0.9964610717896866,1.0,0.9850746268656716,1.0,1.0,1.0,1.0,1.0,1.0,1.0,1.0,1.0,1.0,1.0,1.0,0.9861111111111112,1.0,1.0,1.0,1.0,0.9848484848484849,0.9830508474576272,0.9836065573770492,1.0,0.9838709677419355,1.0,1.0,1.0,1.0,1.0,1.0,1.0,0.9830508474576272
30,0.9964610717896866,"tensor(13.5556, device='cuda:0')","tensor(11.8060, device='cuda:0')","tensor(10.9048, device='cuda:0')","tensor(12.6508, device='cuda:0')","tensor(11.9077, device='cuda:0')","tensor(12.7353, device='cuda:0')","tensor(11.2727, device='cuda:0')","tensor(10.8846, device='cuda:0')","tensor(11.6226, device='cuda:0')","tensor(12.4507, device='cuda:0')","tensor(11.8060, device='cuda:0')","tensor(13.8929, device='cuda:0')","tensor(8.6190, device='cuda:0')","tensor(12.6964, device='cuda:0')","tensor(11.8472, device='cuda:0')","tensor(12.1429, device='cuda:0')","tensor(10.4677, device='cuda:0')","tensor(11.9500, device='cuda:0')","tensor(9.4138, device='cuda:0')","tensor(12.6667, device='cuda:0')","tensor(11.8136, device='cuda:0')","tensor(12.0656, device='cuda:0')","tensor(11.4426, device='cuda:0')","tensor(10.4677, device='cuda:0')","tensor(11.2394, device='cuda:0')","tensor(12., device='cuda:0')","tensor(12.5410, device='cuda:0')","tensor(10.3380, device='cuda:0')","tensor(12.5156, device='cuda:0')","tensor(12.9583, device='cuda:0')","tensor(15.3617, device='cuda:0')","tensor(12.2712, device='cuda:0')"
S,error_bar,layer1,layer2,layer3,layer4,layer5,layer6,layer7,layer8,layer9,layer10,layer11,layer12,layer13,layer14,layer15,layer16,layer17,layer18,layer19,layer20,layer21,layer22,layer23,layer24,layer25,layer26,layer27,layer28,layer29,layer30,layer31,layer32
20,0.9964610717896866,1.0,0.9850746268656716,1.0,1.0,1.0,1.0,1.0,1.0,1.0,1.0,1.0,1.0,1.0,1.0,0.9861111111111112,1.0,1.0,1.0,1.0,0.9848484848484849,0.9830508474576272,0.9836065573770492,1.0,0.9838709677419355,1.0,1.0,1.0,1.0,1.0,1.0,1.0,0.9830508474576272
20,0.9964610717896866,"tensor(15.1746, device='cuda:0')","tensor(13.6716, device='cuda:0')","tensor(13.9683, device='cuda:0')","tensor(14.7619, device='cuda:0')","tensor(13.6923, device='cuda:0')","tensor(15.5882, device='cuda:0')","tensor(13.7818, device='cuda:0')","tensor(13.6731, device='cuda:0')","tensor(12.9434, device='cuda:0')","tensor(15.4225, device='cuda:0')","tensor(14.1194, device='cuda:0')","tensor(16.2321, device='cuda:0')","tensor(11.1905, device='cuda:0')","tensor(14.2321, device='cuda:0')","tensor(14.0833, device='cuda:0')","tensor(14.0857, device='cuda:0')","tensor(11.6129, device='cuda:0')","tensor(14.1167, device='cuda:0')","tensor(11.8621, device='cuda:0')","tensor(16.2727, device='cuda:0')","tensor(15.6102, device='cuda:0')","tensor(15.1639, device='cuda:0')","tensor(14.3443, device='cuda:0')","tensor(11.9516, device='cuda:0')","tensor(14.4789, device='cuda:0')","tensor(13.8594, device='cuda:0')","tensor(15.2459, device='cuda:0')","tensor(13.8169, device='cuda:0')","tensor(14.1094, device='cuda:0')","tensor(14.3750, device='cuda:0')","tensor(16.7660, device='cuda:0')","tensor(14.6949, device='cuda:0')"
S,error_bar,layer1,layer2,layer3,layer4,layer5,layer6,layer7,layer8,layer9,layer10,layer11,layer12,layer13,layer14,layer15,layer16,layer17,layer18,layer19,layer20,layer21,layer22,layer23,layer24,layer25,layer26,layer27,layer28,layer29,layer30,layer31,layer32
1,0.5662285136501517,0.6349206349206349,0.6716417910447762,0.5079365079365079,0.5873015873015873,0.5846153846153846,0.4852941176470588,0.5636363636363636,0.5192307692307693,0.5849056603773585,0.5352112676056338,0.582089552238806,0.5535714285714286,0.5238095238095238,0.44642857142857145,0.5972222222222222,0.5142857142857142,0.5,0.5666666666666667,0.6551724137931034,0.5454545454545454,0.4915254237288136,0.5901639344262295,0.5573770491803278,0.5645161290322581,0.6197183098591549,0.578125,0.5245901639344263,0.5633802816901409,0.59375,0.6041666666666666,0.6382978723404256,0.6440677966101694
1,0.5662285136501517,"tensor(24.7619, device='cuda:0')","tensor(25.4776, device='cuda:0')","tensor(26.7302, device='cuda:0')","tensor(25.0635, device='cuda:0')","tensor(27.3846, device='cuda:0')","tensor(26.8676, device='cuda:0')","tensor(25.0182, device='cuda:0')","tensor(25.5192, device='cuda:0')","tensor(26.9434, device='cuda:0')","tensor(25.3380, device='cuda:0')","tensor(26.8507, device='cuda:0')","tensor(25.6429, device='cuda:0')","tensor(25.1429, device='cuda:0')","tensor(27.0536, device='cuda:0')","tensor(26.5556, device='cuda:0')","tensor(25.8000, device='cuda:0')","tensor(25.1290, device='cuda:0')","tensor(26.3833, device='cuda:0')","tensor(25.7759, device='cuda:0')","tensor(27.4091, device='cuda:0')","tensor(26.4576, device='cuda:0')","tensor(25.7213, device='cuda:0')","tensor(25.6721, device='cuda:0')","tensor(26.3871, device='cuda:0')","tensor(27.3944, device='cuda:0')","tensor(24.6094, device='cuda:0')","tensor(25.1639, device='cuda:0')","tensor(26.7606, device='cuda:0')","tensor(27.0938, device='cuda:0')","tensor(26.4583, device='cuda:0')","tensor(25.1277, device='cuda:0')","tensor(26.2712, device='cuda:0')"
S,error_bar,layer1,layer2,layer3,layer4,layer5,layer6,layer7,layer8,layer9,layer10,layer11,layer12,layer13,layer14,layer15,layer16,layer17,layer18,layer19,layer20,layer21,layer22,layer23,layer24,layer25,layer26,layer27,layer28,layer29,layer30,layer31,layer32
5,0.9944388270980788,1.0,0.9850746268656716,1.0,1.0,0.9846153846153847,1.0,1.0,1.0,1.0,1.0,1.0,1.0,1.0,0.9821428571428571,0.9861111111111112,1.0,1.0,1.0,1.0,0.9696969696969697,0.9830508474576272,0.9836065573770492,1.0,0.9838709677419355,1.0,1.0,1.0,1.0,1.0,1.0,1.0,0.9661016949152542
5,0.9944388270980788,"tensor(20.0159, device='cuda:0')","tensor(18.9851, device='cuda:0')","tensor(19.9048, device='cuda:0')","tensor(20.5556, device='cuda:0')","tensor(19.2769, device='cuda:0')","tensor(21.4559, device='cuda:0')","tensor(20.7818, device='cuda:0')","tensor(18.8077, device='cuda:0')","tensor(18.3585, device='cuda:0')","tensor(20.8169, device='cuda:0')","tensor(19.1791, device='cuda:0')","tensor(19.5000, device='cuda:0')","tensor(17.3810, device='cuda:0')","tensor(20.4107, device='cuda:0')","tensor(20.5000, device='cuda:0')","tensor(19.3857, device='cuda:0')","tensor(18.0161, device='cuda:0')","tensor(19.1333, device='cuda:0')","tensor(18.8621, device='cuda:0')","tensor(20.4091, device='cuda:0')","tensor(20.1186, device='cuda:0')","tensor(20.5738, device='cuda:0')","tensor(20.3443, device='cuda:0')","tensor(18.6935, device='cuda:0')","tensor(19.1268, device='cuda:0')","tensor(18.5000, device='cuda:0')","tensor(21.6393, device='cuda:0')","tensor(20.3662, device='cuda:0')","tensor(19.4688, device='cuda:0')","tensor(19.3125, device='cuda:0')","tensor(20.4468, device='cuda:0')","tensor(20.0339, device='cuda:0')"
S,error_bar,layer1,layer2,layer3,layer4,layer5,layer6,layer7,layer8,layer9,layer10,layer11,layer12,layer13,layer14,layer15,layer16,layer17,layer18,layer19,layer20,layer21,layer22,layer23,layer24,layer25,layer26,layer27,layer28,layer29,layer30,layer31,layer32
10,0.9964610717896866,1.0,0.9850746268656716,1.0,1.0,1.0,1.0,1.0,1.0,1.0,1.0,1.0,1.0,1.0,1.0,0.9861111111111112,1.0,1.0,1.0,1.0,0.9848484848484849,0.9830508474576272,0.9836065573770492,1.0,0.9838709677419355,1.0,1.0,1.0,1.0,1.0,1.0,1.0,0.9830508474576272
10,0.9964610717896866,"tensor(17.8730, device='cuda:0')","tensor(16.6567, device='cuda:0')","tensor(16.5873, device='cuda:0')","tensor(18.5079, device='cuda:0')","tensor(17.1077, device='cuda:0')","tensor(18.2059, device='cuda:0')","tensor(18.3091, device='cuda:0')","tensor(16.8654, device='cuda:0')","tensor(15.5283, device='cuda:0')","tensor(18.6056, device='cuda:0')","tensor(16.2388, device='cuda:0')","tensor(18.2500, device='cuda:0')","tensor(14.6190, device='cuda:0')","tensor(18.1429, device='cuda:0')","tensor(17.3056, device='cuda:0')","tensor(16.8286, device='cuda:0')","tensor(14.8871, device='cuda:0')","tensor(17.0833, device='cuda:0')","tensor(16.2414, device='cuda:0')","tensor(18.6970, device='cuda:0')","tensor(18.1525, device='cuda:0')","tensor(18.7377, device='cuda:0')","tensor(17.6721, device='cuda:0')","tensor(14.9516, device='cuda:0')","tensor(17.3099, device='cuda:0')","tensor(16.2656, device='cuda:0')","tensor(18.3770, device='cuda:0')","tensor(18.7465, device='cuda:0')","tensor(16.7344, device='cuda:0')","tensor(16.8958, device='cuda:0')","tensor(18.9787, device='cuda:0')","tensor(17.9153, device='cuda:0')"
S,error_bar,layer1,layer2,layer3,layer4,layer5,layer6,layer7,layer8,layer9,layer10,layer11,layer12,layer13,layer14,layer15,layer16,layer17,layer18,layer19,layer20,layer21,layer22,layer23,layer24,layer25,layer26,layer27,layer28,layer29,layer30,layer31,layer32
20,0.9964610717896866,1.0,0.9850746268656716,1.0,1.0,1.0,1.0,1.0,1.0,1.0,1.0,1.0,1.0,1.0,1.0,0.9861111111111112,1.0,1.0,1.0,1.0,0.9848484848484849,0.9830508474576272,0.9836065573770492,1.0,0.9838709677419355,1.0,1.0,1.0,1.0,1.0,1.0,1.0,0.9830508474576272
20,0.9964610717896866,"tensor(15.1746, device='cuda:0')","tensor(13.6716, device='cuda:0')","tensor(13.9683, device='cuda:0')","tensor(14.7619, device='cuda:0')","tensor(13.6923, device='cuda:0')","tensor(15.5882, device='cuda:0')","tensor(13.7818, device='cuda:0')","tensor(13.6731, device='cuda:0')","tensor(12.9434, device='cuda:0')","tensor(15.4225, device='cuda:0')","tensor(14.1194, device='cuda:0')","tensor(16.2321, device='cuda:0')","tensor(11.1905, device='cuda:0')","tensor(14.2321, device='cuda:0')","tensor(14.0833, device='cuda:0')","tensor(14.0857, device='cuda:0')","tensor(11.6129, device='cuda:0')","tensor(14.1167, device='cuda:0')","tensor(11.8621, device='cuda:0')","tensor(16.2727, device='cuda:0')","tensor(15.6102, device='cuda:0')","tensor(15.1639, device='cuda:0')","tensor(14.3443, device='cuda:0')","tensor(11.9516, device='cuda:0')","tensor(14.4789, device='cuda:0')","tensor(13.8594, device='cuda:0')","tensor(15.2459, device='cuda:0')","tensor(13.8169, device='cuda:0')","tensor(14.1094, device='cuda:0')","tensor(14.3750, device='cuda:0')","tensor(16.7660, device='cuda:0')","tensor(14.6949, device='cuda:0')"
S,error_bar,layer1,layer2,layer3,layer4,layer5,layer6,layer7,layer8,layer9,layer10,layer11,layer12,layer13,layer14,layer15,layer16,layer17,layer18,layer19,layer20,layer21,layer22,layer23,layer24,layer25,layer26,layer27,layer28,layer29,layer30,layer31,layer32
10,0.9964610717896866,1.0,0.9850746268656716,1.0,1.0,1.0,1.0,1.0,1.0,1.0,1.0,1.0,1.0,1.0,1.0,0.9861111111111112,1.0,1.0,1.0,1.0,0.9848484848484849,0.9830508474576272,0.9836065573770492,1.0,0.9838709677419355,1.0,1.0,1.0,1.0,1.0,1.0,1.0,0.9830508474576272
10,0.9964610717896866,"tensor(17.8730, device='cuda:0')","tensor(16.6567, device='cuda:0')","tensor(16.5873, device='cuda:0')","tensor(18.5079, device='cuda:0')","tensor(17.1077, device='cuda:0')","tensor(18.2059, device='cuda:0')","tensor(18.3091, device='cuda:0')","tensor(16.8654, device='cuda:0')","tensor(15.5283, device='cuda:0')","tensor(18.6056, device='cuda:0')","tensor(16.2388, device='cuda:0')","tensor(18.2500, device='cuda:0')","tensor(14.6190, device='cuda:0')","tensor(18.1429, device='cuda:0')","tensor(17.3056, device='cuda:0')","tensor(16.8286, device='cuda:0')","tensor(14.8871, device='cuda:0')","tensor(17.0833, device='cuda:0')","tensor(16.2414, device='cuda:0')","tensor(18.6970, device='cuda:0')","tensor(18.1525, device='cuda:0')","tensor(18.7377, device='cuda:0')","tensor(17.6721, device='cuda:0')","tensor(14.9516, device='cuda:0')","tensor(17.3099, device='cuda:0')","tensor(16.2656, device='cuda:0')","tensor(18.3770, device='cuda:0')","tensor(18.7465, device='cuda:0')","tensor(16.7344, device='cuda:0')","tensor(16.8958, device='cuda:0')","tensor(18.9787, device='cuda:0')","tensor(17.9153, device='cuda:0')"
S,error_bar,layer1,layer2,layer3,layer4,layer5,layer6,layer7,layer8,layer9,layer10,layer11,layer12,layer13,layer14,layer15,layer16,layer17,layer18,layer19,layer20,layer21,layer22,layer23,layer24,layer25,layer26,layer27,layer28,layer29,layer30,layer31,layer32
1,0.5945399393326593,0.6349206349206349,0.6567164179104478,0.5714285714285714,0.5714285714285714,0.6461538461538462,0.5588235294117647,0.5454545454545454,0.6153846153846154,0.5283018867924528,0.5211267605633803,0.5522388059701493,0.6428571428571429,0.49206349206349204,0.48214285714285715,0.6666666666666666,0.6142857142857143,0.5161290322580645,0.6333333333333333,0.6379310344827587,0.5757575757575758,0.559322033898305,0.5901639344262295,0.5409836065573771,0.5806451612903226,0.6197183098591549,0.625,0.5737704918032787,0.676056338028169,0.625,0.6458333333333334,0.6595744680851063,0.6610169491525424
1,0.5945399393326593,"tensor(25.6825, device='cuda:0')","tensor(26.4627, device='cuda:0')","tensor(26.7778, device='cuda:0')","tensor(26.9683, device='cuda:0')","tensor(28.0615, device='cuda:0')","tensor(28.0147, device='cuda:0')","tensor(27.0182, device='cuda:0')","tensor(27.2885, device='cuda:0')","tensor(28.2642, device='cuda:0')","tensor(26.8873, device='cuda:0')","tensor(27.3881, device='cuda:0')","tensor(26.3571, device='cuda:0')","tensor(26.5714, device='cuda:0')","tensor(28.9107, device='cuda:0')","tensor(25.5556, device='cuda:0')","tensor(27.5000, device='cuda:0')","tensor(26.3710, device='cuda:0')","tensor(26.9500, device='cuda:0')","tensor(26.7586, device='cuda:0')","tensor(27.6818, device='cuda:0')","tensor(27.4915, device='cuda:0')","tensor(27.7541, device='cuda:0')","tensor(28.0492, device='cuda:0')","tensor(27.6774, device='cuda:0')","tensor(26.9437, device='cuda:0')","tensor(26.0781, device='cuda:0')","tensor(27.2295, device='cuda:0')","tensor(27.1972, device='cuda:0')","tensor(28.0781, device='cuda:0')","tensor(26.8125, device='cuda:0')","tensor(25.9574, device='cuda:0')","tensor(26.4407, device='cuda:0')"
S,error_bar,layer1,layer2,layer3,layer4,layer5,layer6,layer7,layer8,layer9,layer10,layer11,layer12,layer13,layer14,layer15,layer16,layer17,layer18,layer19,layer20,layer21,layer22,layer23,layer24,layer25,layer26,layer27,layer28,layer29,layer30,layer31,layer32
30,0.9964610717896866,1.0,0.9850746268656716,1.0,1.0,1.0,1.0,1.0,1.0,1.0,1.0,1.0,1.0,1.0,1.0,0.9861111111111112,1.0,1.0,1.0,1.0,0.9848484848484849,0.9830508474576272,0.9836065573770492,1.0,0.9838709677419355,1.0,1.0,1.0,1.0,1.0,1.0,1.0,0.9830508474576272
30,0.9964610717896866,"tensor(13.5556, device='cuda:0')","tensor(11.8060, device='cuda:0')","tensor(10.9048, device='cuda:0')","tensor(12.6508, device='cuda:0')","tensor(11.9077, device='cuda:0')","tensor(12.7353, device='cuda:0')","tensor(11.2727, device='cuda:0')","tensor(10.8846, device='cuda:0')","tensor(11.6226, device='cuda:0')","tensor(12.4507, device='cuda:0')","tensor(11.8060, device='cuda:0')","tensor(13.8929, device='cuda:0')","tensor(8.6190, device='cuda:0')","tensor(12.6964, device='cuda:0')","tensor(11.8472, device='cuda:0')","tensor(12.1429, device='cuda:0')","tensor(10.4677, device='cuda:0')","tensor(11.9500, device='cuda:0')","tensor(9.4138, device='cuda:0')","tensor(12.6667, device='cuda:0')","tensor(11.8136, device='cuda:0')","tensor(12.0656, device='cuda:0')","tensor(11.4426, device='cuda:0')","tensor(10.4677, device='cuda:0')","tensor(11.2394, device='cuda:0')","tensor(12., device='cuda:0')","tensor(12.5410, device='cuda:0')","tensor(10.3380, device='cuda:0')","tensor(12.5156, device='cuda:0')","tensor(12.9583, device='cuda:0')","tensor(15.3617, device='cuda:0')","tensor(12.2712, device='cuda:0')"
S,error_bar,layer1,layer2,layer3,layer4,layer5,layer6,layer7,layer8,layer9,layer10,layer11,layer12,layer13,layer14,layer15,layer16,layer17,layer18,layer19,layer20,layer21,layer22,layer23,layer24,layer25,layer26,layer27,layer28,layer29,layer30,layer31,layer32
5,0.9964610717896866,1.0,0.9850746268656716,1.0,1.0,1.0,1.0,1.0,1.0,1.0,1.0,1.0,1.0,1.0,1.0,0.9861111111111112,1.0,1.0,1.0,1.0,0.9848484848484849,0.9830508474576272,0.9836065573770492,1.0,0.9838709677419355,1.0,1.0,1.0,1.0,1.0,1.0,1.0,0.9830508474576272
5,0.9964610717896866,"tensor(20.0159, device='cuda:0')","tensor(18.9851, device='cuda:0')","tensor(19.9048, device='cuda:0')","tensor(20.5556, device='cuda:0')","tensor(19.5846, device='cuda:0')","tensor(21.4559, device='cuda:0')","tensor(20.7818, device='cuda:0')","tensor(18.8077, device='cuda:0')","tensor(18.3585, device='cuda:0')","tensor(20.8169, device='cuda:0')","tensor(19.1791, device='cuda:0')","tensor(19.5000, device='cuda:0')","tensor(17.3810, device='cuda:0')","tensor(20.7679, device='cuda:0')","tensor(20.5000, device='cuda:0')","tensor(19.3857, device='cuda:0')","tensor(18.0161, device='cuda:0')","tensor(19.1333, device='cuda:0')","tensor(18.8621, device='cuda:0')","tensor(20.7121, device='cuda:0')","tensor(20.1186, device='cuda:0')","tensor(20.5738, device='cuda:0')","tensor(20.3443, device='cuda:0')","tensor(18.6935, device='cuda:0')","tensor(19.1268, device='cuda:0')","tensor(18.5000, device='cuda:0')","tensor(21.6393, device='cuda:0')","tensor(20.3662, device='cuda:0')","tensor(19.4688, device='cuda:0')","tensor(19.3125, device='cuda:0')","tensor(20.4468, device='cuda:0')","tensor(20.3729, device='cuda:0')"
S,error_bar,layer1,layer2,layer3,layer4,layer5,layer6,layer7,layer8,layer9,layer10,layer11,layer12,layer13,layer14,layer15,layer16,layer17,layer18,layer19,layer20,layer21,layer22,layer23,layer24,layer25,layer26,layer27,layer28,layer29,layer30,layer31,layer32
10,0.8296258847320526,0.12698412698412698,0.16417910447761194,0.2222222222222222,0.3968253968253968,0.46153846153846156,0.7205882352941176,0.6727272727272727,0.8269230769230769,0.9433962264150944,0.9859154929577465,0.9850746268656716,0.9464285714285714,0.8571428571428571,0.9821428571428571,0.9722222222222222,0.9571428571428572,0.967741935483871,0.9833333333333333,0.9310344827586207,0.9545454545454546,0.9830508474576272,0.9836065573770492,0.9836065573770492,0.967741935483871,0.971830985915493,0.9375,0.9836065573770492,0.9577464788732394,1.0,0.9583333333333334,0.9787234042553191,0.8813559322033898
10,0.8296258847320526,"tensor(28.2857, device='cuda:0')","tensor(27.4328, device='cuda:0')","tensor(21.5079, device='cuda:0')","tensor(19.2698, device='cuda:0')","tensor(18.7385, device='cuda:0')","tensor(17.6029, device='cuda:0')","tensor(21.2364, device='cuda:0')","tensor(18.6346, device='cuda:0')","tensor(16.0755, device='cuda:0')","tensor(18.7324, device='cuda:0')","tensor(16.3433, device='cuda:0')","tensor(18.8036, device='cuda:0')","tensor(16.0794, device='cuda:0')","tensor(18.0893, device='cuda:0')","tensor(17.4861, device='cuda:0')","tensor(17.1571, device='cuda:0')","tensor(15.1452, device='cuda:0')","tensor(17.3333, device='cuda:0')","tensor(16.8103, device='cuda:0')","tensor(19.4242, device='cuda:0')","tensor(18.1525, device='cuda:0')","tensor(18.7377, device='cuda:0')","tensor(18.1803, device='cuda:0')","tensor(14.8226, device='cuda:0')","tensor(17.2958, device='cuda:0')","tensor(16.6875, device='cuda:0')","tensor(18.8197, device='cuda:0')","tensor(19.5352, device='cuda:0')","tensor(16.7344, device='cuda:0')","tensor(16.8750, device='cuda:0')","tensor(19.2979, device='cuda:0')","tensor(18.0169, device='cuda:0')"
S,error_bar,layer1,layer2,layer3,layer4,layer5,layer6,layer7,layer8,layer9,layer10,layer11,layer12,layer13,layer14,layer15,layer16,layer17,layer18,layer19,layer20,layer21,layer22,layer23,layer24,layer25,layer26,layer27,layer28,layer29,layer30,layer31,layer32
30,0.8351870576339737,0.12698412698412698,0.23880597014925373,0.19047619047619047,0.3968253968253968,0.4461538461538462,0.5294117647058824,0.8181818181818182,0.7692307692307693,0.9245283018867925,0.9859154929577465,0.9701492537313433,0.9821428571428571,0.9523809523809523,0.9821428571428571,0.9861111111111112,0.9714285714285714,0.9838709677419355,1.0,0.9827586206896551,0.9848484848484849,0.9661016949152542,0.9672131147540983,1.0,0.9838709677419355,0.971830985915493,1.0,1.0,0.9577464788732394,0.96875,0.9583333333333334,1.0,0.847457627118644
30,0.8351870576339737,"tensor(9.4603, device='cuda:0')","tensor(16.0299, device='cuda:0')","tensor(13.1905, device='cuda:0')","tensor(12.6032, device='cuda:0')","tensor(13.9538, device='cuda:0')","tensor(11.0294, device='cuda:0')","tensor(11.7818, device='cuda:0')","tensor(10.2308, device='cuda:0')","tensor(10.5472, device='cuda:0')","tensor(12.7324, device='cuda:0')","tensor(11.6567, device='cuda:0')","tensor(13.7857, device='cuda:0')","tensor(9.1111, device='cuda:0')","tensor(12.4464, device='cuda:0')","tensor(11.8472, device='cuda:0')","tensor(12.2571, device='cuda:0')","tensor(10.7419, device='cuda:0')","tensor(11.9500, device='cuda:0')","tensor(9.6034, device='cuda:0')","tensor(12.6667, device='cuda:0')","tensor(11.9153, device='cuda:0')","tensor(12.1311, device='cuda:0')","tensor(11.4426, device='cuda:0')","tensor(10.4677, device='cuda:0')","tensor(11.1690, device='cuda:0')","tensor(12., device='cuda:0')","tensor(12.5410, device='cuda:0')","tensor(10.5915, device='cuda:0')","tensor(12.6094, device='cuda:0')","tensor(12.6042, device='cuda:0')","tensor(15.3617, device='cuda:0')","tensor(13.4237, device='cuda:0')"
S,error_bar,layer1,layer2,layer3,layer4,layer5,layer6,layer7,layer8,layer9,layer10,layer11,layer12,layer13,layer14,layer15,layer16,layer17,layer18,layer19,layer20,layer21,layer22,layer23,layer24,layer25,layer26,layer27,layer28,layer29,layer30,layer31,layer32
5,0.8367037411526794,0.15873015873015872,0.23880597014925373,0.2698412698412698,0.4444444444444444,0.5692307692307692,0.5735294117647058,0.7090909090909091,0.8846153846153846,0.9433962264150944,0.9154929577464789,0.9701492537313433,0.9464285714285714,0.9682539682539683,0.9642857142857143,0.9722222222222222,1.0,0.9838709677419355,0.9666666666666667,0.9655172413793104,0.9848484848484849,0.9661016949152542,0.9836065573770492,0.9836065573770492,0.967741935483871,0.9859154929577465,0.96875,0.9836065573770492,0.971830985915493,0.953125,0.9375,0.9574468085106383,0.7796610169491526
5,0.8367037411526794,"tensor(16.9524, device='cuda:0')","tensor(23.8955, device='cuda:0')","tensor(24.3492, device='cuda:0')","tensor(19.3810, device='cuda:0')","tensor(20.5385, device='cuda:0')","tensor(21.4853, device='cuda:0')","tensor(19.4000, device='cuda:0')","tensor(17.9038, device='cuda:0')","tensor(18.2264, device='cuda:0')","tensor(20.8873, device='cuda:0')","tensor(19.2836, device='cuda:0')","tensor(19.9107, device='cuda:0')","tensor(17.3651, device='cuda:0')","tensor(20.6607, device='cuda:0')","tensor(20.4444, device='cuda:0')","tensor(19.3857, device='cuda:0')","tensor(17.8871, device='cuda:0')","tensor(19.1667, device='cuda:0')","tensor(19., device='cuda:0')","tensor(20.7121, device='cuda:0')","tensor(20.0339, device='cuda:0')","tensor(20.5738, device='cuda:0')","tensor(20.2131, device='cuda:0')","tensor(18.6613, device='cuda:0')","tensor(19.0986, device='cuda:0')","tensor(18.4844, device='cuda:0')","tensor(21.5574, device='cuda:0')","tensor(20.7324, device='cuda:0')","tensor(19.3750, device='cuda:0')","tensor(18.9792, device='cuda:0')","tensor(20.8298, device='cuda:0')","tensor(19.8475, device='cuda:0')"
S,error_bar,layer1,layer2,layer3,layer4,layer5,layer6,layer7,layer8,layer9,layer10,layer11,layer12,layer13,layer14,layer15,layer16,layer17,layer18,layer19,layer20,layer21,layer22,layer23,layer24,layer25,layer26,layer27,layer28,layer29,layer30,layer31,layer32
40,0.8766430738119313,0.2222222222222222,0.29850746268656714,0.36507936507936506,0.5714285714285714,0.7538461538461538,0.7794117647058824,0.8909090909090909,0.9230769230769231,1.0,0.9577464788732394,1.0,0.9821428571428571,0.9682539682539683,0.9821428571428571,0.9305555555555556,0.9714285714285714,0.967741935483871,1.0,0.9827586206896551,0.9696969696969697,0.9830508474576272,0.9836065573770492,1.0,0.9838709677419355,1.0,1.0,1.0,0.9859154929577465,0.953125,0.9791666666666666,0.9574468085106383,0.8135593220338984
40,0.8766430738119313,"tensor(2.8254, device='cuda:0')","tensor(9.4776, device='cuda:0')","tensor(6.5079, device='cuda:0')","tensor(8.8254, device='cuda:0')","tensor(10.7538, device='cuda:0')","tensor(11.6176, device='cuda:0')","tensor(9.8909, device='cuda:0')","tensor(9.5769, device='cuda:0')","tensor(10.1698, device='cuda:0')","tensor(11.3662, device='cuda:0')","tensor(10., device='cuda:0')","tensor(11.9286, device='cuda:0')","tensor(8.5556, device='cuda:0')","tensor(10.0179, device='cuda:0')","tensor(10.6528, device='cuda:0')","tensor(10.8857, device='cuda:0')","tensor(8.7097, device='cuda:0')","tensor(10.8667, device='cuda:0')","tensor(8.6207, device='cuda:0')","tensor(10.3182, device='cuda:0')","tensor(10.0169, device='cuda:0')","tensor(10.9344, device='cuda:0')","tensor(9.6393, device='cuda:0')","tensor(8.6452, device='cuda:0')","tensor(9.0282, device='cuda:0')","tensor(10.6719, device='cuda:0')","tensor(11.5246, device='cuda:0')","tensor(7.7324, device='cuda:0')","tensor(10.1875, device='cuda:0')","tensor(11.5833, device='cuda:0')","tensor(12.5319, device='cuda:0')","tensor(9.9661, device='cuda:0')"
S,error_bar,layer1,layer2,layer3,layer4,layer5,layer6,layer7,layer8,layer9,layer10,layer11,layer12,layer13,layer14,layer15,layer16,layer17,layer18,layer19,layer20,layer21,layer22,layer23,layer24,layer25,layer26,layer27,layer28,layer29,layer30,layer31,layer32
20,0.8083923154701719,0.15873015873015872,0.22388059701492538,0.15873015873015872,0.2857142857142857,0.4461538461538462,0.47058823529411764,0.6181818181818182,0.7115384615384616,0.9811320754716981,0.9154929577464789,0.9104477611940298,0.9821428571428571,0.9682539682539683,0.9642857142857143,0.9583333333333334,0.9714285714285714,0.967741935483871,0.9666666666666667,0.9827586206896551,0.9696969696969697,0.9322033898305084,0.9508196721311475,0.9836065573770492,0.9838709677419355,1.0,0.984375,1.0,0.9577464788732394,0.90625,0.875,0.9787234042553191,0.7966101694915254
20,0.8083923154701719,"tensor(12.6984, device='cuda:0')","tensor(12.7612, device='cuda:0')","tensor(9.2222, device='cuda:0')","tensor(12.5556, device='cuda:0')","tensor(16.3692, device='cuda:0')","tensor(15.7500, device='cuda:0')","tensor(12.9091, device='cuda:0')","tensor(12.7692, device='cuda:0')","tensor(12.8491, device='cuda:0')","tensor(15.2958, device='cuda:0')","tensor(13.7463, device='cuda:0')","tensor(16.1786, device='cuda:0')","tensor(11.0476, device='cuda:0')","tensor(14.3929, device='cuda:0')","tensor(14.0833, device='cuda:0')","tensor(13.6714, device='cuda:0')","tensor(11.4839, device='cuda:0')","tensor(14.4500, device='cuda:0')","tensor(12.0690, device='cuda:0')","tensor(15.8030, device='cuda:0')","tensor(15.8983, device='cuda:0')","tensor(15.7869, device='cuda:0')","tensor(14.3115, device='cuda:0')","tensor(11.9516, device='cuda:0')","tensor(14.4789, device='cuda:0')","tensor(13.8281, device='cuda:0')","tensor(15.2459, device='cuda:0')","tensor(13.4085, device='cuda:0')","tensor(14.0469, device='cuda:0')","tensor(14.8333, device='cuda:0')","tensor(16.7872, device='cuda:0')","tensor(15.8814, device='cuda:0')"
S,error_bar,layer1,layer2,layer3,layer4,layer5,layer6,layer7,layer8,layer9,layer10,layer11,layer12,layer13,layer14,layer15,layer16,layer17,layer18,layer19,layer20,layer21,layer22,layer23,layer24,layer25,layer26,layer27,layer28,layer29,layer30,layer31,layer32
1,0.8442871587462083,0.31746031746031744,0.29850746268656714,0.38095238095238093,0.42857142857142855,0.5076923076923077,0.6470588235294118,0.7818181818181819,0.7692307692307693,0.8490566037735849,0.8873239436619719,0.9850746268656716,0.9107142857142857,0.9841269841269841,0.9464285714285714,1.0,1.0,0.9516129032258065,1.0,1.0,1.0,0.9491525423728814,0.9836065573770492,0.9672131147540983,0.967741935483871,0.9859154929577465,0.984375,0.9836065573770492,0.9577464788732394,0.953125,0.9583333333333334,0.8723404255319149,0.847457627118644
1,0.8442871587462083,"tensor(27.7619, device='cuda:0')","tensor(26.6119, device='cuda:0')","tensor(25.8571, device='cuda:0')","tensor(23.6349, device='cuda:0')","tensor(24.4154, device='cuda:0')","tensor(25.0147, device='cuda:0')","tensor(24.3636, device='cuda:0')","tensor(23.4038, device='cuda:0')","tensor(23.7547, device='cuda:0')","tensor(23.9437, device='cuda:0')","tensor(25.2239, device='cuda:0')","tensor(23.5893, device='cuda:0')","tensor(22.7460, device='cuda:0')","tensor(25.0893, device='cuda:0')","tensor(24.6389, device='cuda:0')","tensor(25.0286, device='cuda:0')","tensor(22.7419, device='cuda:0')","tensor(25.6000, device='cuda:0')","tensor(24.3448, device='cuda:0')","tensor(24.7424, device='cuda:0')","tensor(24.2881, device='cuda:0')","tensor(24.9672, device='cuda:0')","tensor(25.0164, device='cuda:0')","tensor(24.4194, device='cuda:0')","tensor(24.8592, device='cuda:0')","tensor(22.3125, device='cuda:0')","tensor(24.8033, device='cuda:0')","tensor(25.4930, device='cuda:0')","tensor(25.1719, device='cuda:0')","tensor(25.0208, device='cuda:0')","tensor(24.0638, device='cuda:0')","tensor(26.6271, device='cuda:0')"
