error_bar,layer1
0.202,0.202
error_bar,layer1,layer2
0.6497675665295803,0.6274703557312253,0.6720647773279352
error_bar,layer1
0.185,0.185
error_bar,layer1,layer2,layer3
0.191,0.1918997107039537,0.20721649484536084,0.17421953675730112
error_bar,layer1,layer2,layer3,layer4
0.233,0.22814070351758794,0.216796875,0.24402390438247012,0.2436028659160696
error_bar,layer1,layer2,layer3,layer4,layer5,layer6
0.30383333333333334,0.16973415132924335,0.2216796875,0.30975143403441685,0.37473684210526315,0.3862536302032914,0.3622291021671827
error_bar,layer1,layer2,layer3,layer4,layer5
0.2698,0.21645445641527913,0.248,0.2893401015228426,0.31445904954499493,0.28258706467661693
error_bar,layer1,layer2,layer3,layer4,layer5,layer6,layer7
0.32457142857142857,0.1860236220472441,0.22991967871485944,0.2991967871485944,0.3677811550151976,0.3933333333333333,0.437941473259334,0.35892116182572614
error_bar,layer1,layer2,layer3,layer4,layer5,layer6,layer7,layer8,layer9
0.40755555555555556,0.1705653021442495,0.20490196078431372,0.296875,0.3695431472081218,0.5054509415262636,0.5432595573440644,0.5798994974874372,0.5527123848515865,0.4526112185686654
error_bar,layer1,layer2,layer3,layer4,layer5,layer6,layer7,layer8
0.381125,0.19395711500974658,0.21547502448579825,0.3200398803589232,0.3682572614107884,0.4879275653923541,0.5211693548387096,0.5151209677419355,0.4375
error_bar,layer1,layer2,layer3,layer4,layer5,layer6,layer7,layer8,layer9,layer10
0.4447,0.155599603567889,0.17408123791102514,0.2812182741116751,0.38591269841269843,0.526369168356998,0.5485436893203883,0.6023506366307542,0.6458546571136131,0.6387434554973822,0.5065326633165829
error_bar,layer1,layer2,layer3,layer4,layer5,layer6,layer7,layer8,layer9,layer10,layer11
0.4708181818181818,0.16666666666666666,0.19521531100478468,0.25842696629213485,0.404786680541103,0.4776876267748479,0.5668341708542713,0.6214634146341463,0.6756487025948104,0.6719681908548708,0.6612244897959184,0.4856860809476802
error_bar,layer1,layer2,layer3,layer4,layer5,layer6,layer7,layer8,layer9,layer10,layer11
0.4550909090909091,0.18253968253968253,0.21244019138755982,0.2676200204290092,0.3600416233090531,0.44929006085192696,0.5035175879396985,0.5629268292682926,0.6487025948103793,0.6858846918489065,0.6316326530612245,0.5054294175715696
error_bar,layer1,layer2,layer3,layer4,layer5,layer6,layer7,layer8,layer9,layer10,layer11,layer12,layer13
0.5134615384615384,0.18495934959349594,0.20561685055165496,0.2595959595959596,0.3682051282051282,0.49949031600407745,0.5227272727272727,0.6148514851485148,0.6798780487804879,0.7332704995287465,0.6977225672877847,0.6996007984031936,0.6863323500491643,0.5014691478942214
error_bar,layer1,layer2,layer3,layer4,layer5,layer6,layer7,layer8,layer9,layer10,layer11,layer12,layer13,layer14
0.5344285714285715,0.176056338028169,0.1873767258382643,0.29187562688064195,0.41810783316378436,0.4548223350253807,0.5061475409836066,0.5970588235294118,0.6676356589147286,0.7155778894472362,0.7571976967370442,0.7189672293942403,0.7313131313131314,0.6872509960159362,0.5577523413111343
error_bar,layer1,layer2,layer3,layer4,layer5,layer6,layer7,layer8,layer9,layer10,layer11,layer12,layer13,layer14,layer15,layer16
0.56125,0.19003115264797507,0.201980198019802,0.22054380664652568,0.3468085106382979,0.4318407960199005,0.5029126213592233,0.5515564202334631,0.6346534653465347,0.6993927125506073,0.7448559670781894,0.7437137330754352,0.7415169660678643,0.749003984063745,0.7876288659793814,0.7690821256038647,0.6387795275590551
error_bar,layer1,layer2,layer3,layer4,layer5,layer6,layer7,layer8,layer9,layer10,layer11,layer12,layer13,layer14,layer15
0.5544666666666667,0.17599186164801628,0.191699604743083,0.24850299401197604,0.3295218295218295,0.4108761329305136,0.5298076923076923,0.583417593528817,0.6635773864689527,0.7241379310344828,0.7505112474437627,0.7687140115163148,0.7684426229508197,0.7770833333333333,0.745658835546476,0.6424242424242425
error_bar,layer1,layer2,layer3,layer4,layer5,layer6,layer7,layer8,layer9,layer10,layer11,layer12,layer13,layer14,layer15,layer16,layer17,layer18
0.5908333333333333,0.16476683937823836,0.18829268292682927,0.25825825825825827,0.35185185185185186,0.4158415841584158,0.46755921730175076,0.5416666666666666,0.6399594320486816,0.6911764705882353,0.7333333333333333,0.7452923686818632,0.7693089430894309,0.780743565300286,0.7905138339920948,0.8331726133076182,0.8095238095238095,0.7944214876033058,0.646403242147923
error_bar,layer1,layer2,layer3,layer4,layer5,layer6,layer7,layer8,layer9,layer10,layer11,layer12,layer13,layer14,layer15,layer16,layer17
0.5825882352941176,0.19750519750519752,0.20568070519098922,0.25,0.31606765327695563,0.4300100704934542,0.5014691478942214,0.5712871287128712,0.6876818622696411,0.6977205153617443,0.7214428857715431,0.7579051383399209,0.7757201646090535,0.7776699029126214,0.7908560311284046,0.8025343189017952,0.7772373540856031,0.614
error_bar,layer1,layer2,layer3,layer4,layer5,layer6,layer7,layer8,layer9,layer10,layer11,layer12,layer13,layer14,layer15,layer16,layer17,layer18,layer19
0.6220526315789474,0.17659352142110762,0.18444666001994017,0.25653923541247486,0.34658511722731905,0.43224530168150344,0.4923391215526047,0.5849952516619183,0.6736318407960199,0.7038461538461539,0.7492447129909365,0.7502392344497608,0.7647657841140529,0.7739307535641547,0.8112244897959183,0.8528301886792453,0.859375,0.8340248962655602,0.8294736842105264,0.7181544633901705
error_bar,layer1,layer2,layer3,layer4,layer5,layer6,layer7,layer8,layer9,layer10,layer11,layer12,layer13,layer14,layer15,layer16,layer17,layer18,layer19,layer20,layer21
0.6284285714285714,0.1779324055666004,0.17895771878072764,0.23865877712031558,0.3077699293642785,0.39068825910931176,0.44242424242424244,0.543245869776482,0.6051080550098232,0.654510556621881,0.7048371174728529,0.7388282025819265,0.7608465608465609,0.7627118644067796,0.8360488798370672,0.8395303326810176,0.832,0.8527724665391969,0.8792016806722689,0.8718209562563581,0.8552631578947368,0.7510373443983402
error_bar,layer1,layer2,layer3,layer4,layer5,layer6,layer7,layer8,layer9,layer10,layer11,layer12,layer13,layer14,layer15,layer16,layer17,layer18,layer19,layer20,layer21,layer22
0.641090909090909,0.18756169792694966,0.197265625,0.22871287128712872,0.3215725806451613,0.37116564417177916,0.45252525252525255,0.523,0.5967117988394585,0.6459747817652765,0.7306122448979592,0.7151219512195122,0.7564469914040115,0.7434343434343434,0.8331637843336724,0.8458197611292074,0.8651471984805318,0.8670520231213873,0.8706986444212722,0.896551724137931,0.8782961460446247,0.8701684836471755,0.736734693877551
error_bar,layer1,layer2,layer3,layer4,layer5,layer6,layer7,layer8,layer9,layer10,layer11,layer12,layer13,layer14,layer15,layer16,layer17,layer18,layer19,layer20
0.62835,0.16548940464177597,0.1844181459566075,0.25172074729596855,0.3393574297188755,0.4107142857142857,0.49948400412796695,0.555667001003009,0.659942363112392,0.7088235294117647,0.7281059063136456,0.7680722891566265,0.7808764940239044,0.78159757330637,0.8383534136546185,0.8407517309594461,0.8385469223007064,0.8486096807415036,0.8393731635651323,0.8402010050251256,0.6962663975782039
error_bar,layer1,layer2,layer3,layer4,layer5,layer6,layer7,layer8,layer9,layer10,layer11,layer12,layer13,layer14,layer15,layer16,layer17,layer18,layer19,layer20,layer21,layer22,layer23
0.6366086956521739,0.1618669314796425,0.175715695952616,0.22859922178988326,0.2892057026476578,0.3614457831325301,0.40423387096774194,0.5183714001986097,0.5753694581280788,0.6528447444551592,0.694672131147541,0.7041707080504365,0.7366296670030272,0.7331433998100665,0.7982456140350878,0.8438133874239351,0.8529411764705882,0.8616600790513834,0.8704663212435233,0.8721413721413721,0.8902564102564102,0.8763600395647874,0.8513238289205702,0.7228541882109617
error_bar,layer1,layer2,layer3,layer4,layer5,layer6,layer7,layer8,layer9,layer10,layer11,layer12,layer13,layer14,layer15,layer16,layer17,layer18,layer19,layer20,layer21,layer22,layer23,layer24
0.6632916666666666,0.19866284622731614,0.18503937007874016,0.2713026444662096,0.3016032064128257,0.3721163490471414,0.461,0.502020202020202,0.6099706744868035,0.6353276353276354,0.6919191919191919,0.7140058765915769,0.7483253588516746,0.780040733197556,0.8080614203454894,0.8436213991769548,0.8568398727465536,0.8759124087591241,0.8928571428571429,0.8988212180746562,0.9200799200799201,0.9271047227926078,0.8936605316973415,0.8731117824773413,0.7272727272727273
error_bar,layer1,layer2,layer3,layer4,layer5,layer6,layer7,layer8,layer9,layer10,layer11,layer12
0.4855833333333333,0.14944834503510532,0.1807348560079444,0.2683673469387755,0.3564862104187947,0.46579476861167,0.5220588235294118,0.6188166828322017,0.6721311475409836,0.6997026759167493,0.6797979797979798,0.6630963972736125,0.5305917753259779
error_bar,layer1,layer2
0.195,0.17984189723320157,0.21052631578947367
error_bar,layer1,layer2,layer3,layer4,layer5,layer6,layer7,layer8,layer9,layer10,layer11,layer12,layer13,layer14,layer15,layer16,layer17,layer18,layer19,layer20,layer21,layer22,layer23,layer24,layer25
0.68832,0.18313953488372092,0.19756838905775076,0.26953125,0.30533596837944665,0.38493723849372385,0.45870646766169154,0.5095285857572718,0.6243949661181026,0.6712463199214916,0.7451381780962129,0.7696127110228401,0.7842741935483871,0.7752247752247752,0.8484231943031536,0.8506304558680893,0.8688865764828304,0.875751503006012,0.9084287200832466,0.9201154956689124,0.9294354838709677,0.9190871369294605,0.9011857707509882,0.8943589743589744,0.8622047244094488,0.7787524366471735
error_bar,layer1,layer2,layer3,layer4,layer5,layer6,layer7,layer8,layer9,layer10,layer11,layer12,layer13,layer14,layer15,layer16,layer17,layer18,layer19,layer20,layer21,layer22,layer23,layer24,layer25,layer26
0.6691923076923076,0.18658892128279883,0.17272727272727273,0.22080471050049066,0.2730844793713163,0.34679089026915116,0.4217221135029354,0.466403162055336,0.5446516192345436,0.6195965417867435,0.6780684104627767,0.7241035856573705,0.7159329140461216,0.751937984496124,0.8044103547459253,0.8279457768508863,0.8389261744966443,0.849329205366357,0.8702757916241062,0.8892156862745098,0.9152046783625731,0.9284188034188035,0.9139344262295082,0.9192229038854806,0.8960645812310797,0.8857965451055663,0.7835820895522388
error_bar,layer1,layer2,layer3,layer4,layer5,layer6,layer7,layer8,layer9,layer10,layer11,layer12,layer13,layer14,layer15,layer16,layer17,layer18,layer19,layer20,layer21,layer22,layer23,layer24,layer25,layer26,layer27,layer28
0.67325,0.17139959432048682,0.19534412955465588,0.22532402791625125,0.29453441295546556,0.313373253493014,0.4050632911392405,0.42,0.5127450980392156,0.5812133072407045,0.6526005888125613,0.6905697445972495,0.7105809128630706,0.7262021589793916,0.7947421638018201,0.8237585199610516,0.8003913894324853,0.8367346938775511,0.8388090349075975,0.8710659898477158,0.9067307692307692,0.9180497925311203,0.9176706827309237,0.9121212121212121,0.9063444108761329,0.9247648902821317,0.8916750250752257,0.870236869207003,0.7750247770069376
error_bar,layer1,layer2,layer3,layer4,layer5,layer6,layer7,layer8,layer9,layer10,layer11,layer12,layer13,layer14,layer15,layer16,layer17,layer18,layer19,layer20,layer21,layer22,layer23,layer24,layer25,layer26,layer27,layer28,layer29
0.7127586206896551,0.17452357071213642,0.20633299284984677,0.2308457711442786,0.2988624612202689,0.3624627606752731,0.4110787172011662,0.4918970448045758,0.5701311806256307,0.6455078125,0.7058823529411765,0.7316602316602316,0.7441624365482233,0.7963709677419355,0.821917808219178,0.8488488488488488,0.8477406679764243,0.8724899598393574,0.8998998998998999,0.9086491739552964,0.9141716566866267,0.9253886010362694,0.945,0.9252525252525252,0.9408713692946058,0.9321047526673133,0.9393346379647749,0.9164086687306502,0.8715415019762845,0.7960975609756098
error_bar,layer1,layer2,layer3,layer4,layer5,layer6,layer7,layer8,layer9,layer10,layer11,layer12,layer13,layer14,layer15,layer16,layer17,layer18,layer19,layer20,layer21,layer22,layer23,layer24,layer25,layer26,layer27
0.6981481481481482,0.19005847953216373,0.20612244897959184,0.23481781376518218,0.3047520661157025,0.3597989949748744,0.4636542239685658,0.5102040816326531,0.5952615992102666,0.6780341023069207,0.6637596899224806,0.7260956175298805,0.7396984924623116,0.7787878787878788,0.8380765456329735,0.8474945533769063,0.8513779527559056,0.861003861003861,0.8926315789473684,0.9105367793240556,0.917184265010352,0.9156746031746031,0.923728813559322,0.932,0.9271255060728745,0.9130859375,0.8805970149253731,0.7859358841778697
error_bar,layer1,layer2
0.184,0.17490118577075098,0.19331983805668015
error_bar,layer1,layer2
0.1945,0.18280632411067194,0.20647773279352227
error_bar,layer1,layer2,layer3,layer4,layer5,layer6,layer7,layer8,layer9,layer10,layer11,layer12,layer13,layer14,layer15,layer16,layer17,layer18,layer19,layer20,layer21,layer22,layer23,layer24
0.6541666666666667,0.17765042979942694,0.1830708661417323,0.24289911851126347,0.3076152304609218,0.3881644934804413,0.422,0.48787878787878786,0.5845552297165201,0.6495726495726496,0.7141414141414142,0.7384916748285995,0.7339712918660287,0.7668024439918534,0.8138195777351248,0.8220164609053497,0.8515376458112407,0.8529718456725756,0.8724489795918368,0.8929273084479371,0.916083916083916,0.9024640657084189,0.8905930470347648,0.8429003021148036,0.7126436781609196
error_bar,layer1,layer2,layer3,layer4,layer5,layer6,layer7,layer8,layer9,layer10,layer11,layer12,layer13,layer14,layer15,layer16,layer17,layer18,layer19,layer20,layer21,layer22,layer23,layer24,layer25,layer26,layer27,layer28,layer29,layer30,layer31,layer32
0.8120625,0.16396761133603238,0.1812366737739872,0.28433268858800775,0.4158215010141988,0.5578093306288032,0.62,0.7073170731707317,0.7924107142857143,0.8316633266533067,0.841897233201581,0.8549323017408124,0.8674463937621832,0.8857715430861723,0.9149338374291115,0.9150943396226415,0.925,0.926530612244898,0.9578313253012049,0.9368421052631579,0.9416498993963782,0.9628252788104089,0.9737903225806451,0.9573170731707317,0.9764705882352941,0.976878612716763,0.979381443298969,0.9794661190965093,0.9710144927536232,0.9576107899807321,0.9418604651162791,0.9131313131313131,0.8195777351247601
error_bar,layer1,layer2,layer3,layer4,layer5,layer6,layer7,layer8,layer9,layer10,layer11,layer12,layer13,layer14,layer15,layer16,layer17,layer18,layer19,layer20,layer21,layer22,layer23,layer24,layer25,layer26,layer27,layer28,layer29,layer30,layer31,layer32
0.8143125,0.2145748987854251,0.208955223880597,0.28239845261121854,0.4462474645030426,0.563894523326572,0.64,0.7357723577235772,0.7879464285714286,0.8517034068136272,0.8023715415019763,0.8433268858800773,0.8576998050682261,0.8657314629258517,0.9168241965973535,0.9188679245283019,0.9125,0.9326530612244898,0.9156626506024096,0.9515789473684211,0.9738430583501007,0.9684014869888475,0.9596774193548387,0.9776422764227642,0.9784313725490196,0.9807321772639692,0.9752577319587629,0.9753593429158111,0.9606625258799172,0.9691714836223507,0.9341085271317829,0.901010101010101,0.8042226487523992
error_bar,layer1,layer2,layer3,layer4,layer5,layer6,layer7,layer8,layer9,layer10,layer11,layer12,layer13,layer14,layer15,layer16,layer17,layer18,layer19,layer20,layer21,layer22,layer23,layer24,layer25,layer26,layer27,layer28,layer29,layer30,layer31,layer32
0.805125,0.18016194331983806,0.22174840085287847,0.2688588007736944,0.44421906693711966,0.5679513184584178,0.626,0.7052845528455285,0.7924107142857143,0.8096192384769539,0.7865612648221344,0.8259187620889749,0.834307992202729,0.8376753507014028,0.8922495274102079,0.9169811320754717,0.89375,0.9326530612244898,0.9317269076305221,0.9494736842105264,0.9476861167002012,0.9553903345724907,0.9637096774193549,0.9552845528455285,0.9784313725490196,0.9865125240847784,0.9814432989690721,0.9671457905544147,0.9585921325051759,0.9730250481695568,0.9282945736434108,0.9111111111111111,0.7927063339731286
error_bar,R@N,layer1,layer2,layer3,layer4,layer5,layer6,layer7,layer8,layer9,layer10,layer11,layer12,layer13,layer14,layer15,layer16,layer17,layer18,layer19,layer20,layer21,layer22,layer23,layer24,layer25,layer26,layer27,layer28,layer29,layer30,layer31,layer32
0.8075,50,0.21052631578947367,0.22388059701492538,0.3056092843326886,0.43204868154158216,0.5679513184584178,0.648,0.733739837398374,0.8214285714285714,0.7935871743486974,0.8221343873517787,0.8355899419729207,0.8128654970760234,0.8416833667334669,0.8544423440453687,0.8962264150943396,0.9083333333333333,0.9244897959183673,0.9457831325301205,0.9452631578947368,0.9617706237424547,0.966542750929368,0.967741935483871,0.9715447154471545,0.9666666666666667,0.9788053949903661,0.9649484536082474,0.9527720739219713,0.9730848861283644,0.9479768786127167,0.9457364341085271,0.8727272727272727,0.8042226487523992
error_bar,R@N,layer1,layer2,layer3,layer4,layer5,layer6,layer7,layer8,layer9,layer10,layer11,layer12,layer13,layer14,layer15,layer16,layer17,layer18,layer19,layer20,layer21,layer22,layer23,layer24,layer25,layer26,layer27,layer28,layer29,layer30,layer31,layer32
0.8069375,30,0.19635627530364372,0.17697228144989338,0.2688588007736944,0.3975659229208925,0.59026369168357,0.614,0.7459349593495935,0.7700892857142857,0.8016032064128257,0.7924901185770751,0.839458413926499,0.8576998050682261,0.8356713426853707,0.888468809073724,0.9169811320754717,0.9333333333333333,0.9448979591836735,0.9437751004016064,0.9536842105263158,0.959758551307847,0.9684014869888475,0.9616935483870968,0.9532520325203252,0.9686274509803922,0.9710982658959537,0.979381443298969,0.9876796714579056,0.9648033126293996,0.9614643545279383,0.9437984496124031,0.9090909090909091,0.7754318618042226
error_bar,R@N,layer1,layer2,layer3,layer4,layer5,layer6,layer7,layer8,layer9,layer10,layer11,layer12,layer13,layer14,layer15,layer16,layer17,layer18,layer19,layer20,layer21,layer22,layer23,layer24,layer25,layer26,layer27,layer28,layer29,layer30,layer31,layer32
0.8495,600,0.3805668016194332,0.3773987206823028,0.3965183752417795,0.5233265720081136,0.6511156186612576,0.736,0.7764227642276422,0.828125,0.8416833667334669,0.8438735177865613,0.8839458413926499,0.8947368421052632,0.9218436873747495,0.9243856332703214,0.9358490566037736,0.93125,0.9469387755102041,0.9538152610441767,0.968421052631579,0.9557344064386318,0.9646840148698885,0.9879032258064516,0.9715447154471545,0.9882352941176471,0.9788053949903661,0.977319587628866,0.971252566735113,0.9710144927536232,0.9710982658959537,0.9496124031007752,0.9111111111111111,0.8310940499040307
error_bar,R@N,layer1,layer2,layer3,layer4,layer5,layer6,layer7,layer8,layer9,layer10,layer11,layer12,layer13,layer14,layer15,layer16,layer17,layer18,layer19,layer20,layer21,layer22,layer23,layer24,layer25,layer26,layer27,layer28,layer29,layer30,layer31,layer32
0.83125,500,0.26720647773279355,0.2260127931769723,0.3307543520309478,0.49290060851926976,0.6166328600405679,0.696,0.7947154471544715,0.8415178571428571,0.8276553106212425,0.8596837944664032,0.874274661508704,0.8791423001949318,0.875751503006012,0.9168241965973535,0.9207547169811321,0.9375,0.9408163265306122,0.9156626506024096,0.9452631578947368,0.9517102615694165,0.9702602230483272,0.967741935483871,0.9735772357723578,0.984313725490196,0.9749518304431599,0.9690721649484536,0.9753593429158111,0.9813664596273292,0.9576107899807321,0.9476744186046512,0.9373737373737374,0.8061420345489443
error_bar,R@N,layer1,layer2,layer3,layer4,layer5,layer6,layer7,layer8,layer9,layer10,layer11,layer12,layer13,layer14,layer15,layer16,layer17,layer18,layer19,layer20,layer21,layer22,layer23,layer24,layer25,layer26,layer27,layer28,layer29,layer30,layer31,layer32
0.83225,400,0.2834008097165992,0.2281449893390192,0.3481624758220503,0.4746450304259635,0.5699797160243407,0.692,0.7784552845528455,0.8504464285714286,0.8316633266533067,0.8794466403162056,0.8800773694390716,0.8771929824561403,0.8717434869739479,0.9073724007561437,0.9264150943396227,0.9333333333333333,0.936734693877551,0.9377510040160643,0.9557894736842105,0.96579476861167,0.9739776951672863,0.9778225806451613,0.9715447154471545,0.9803921568627451,0.9672447013487476,0.9855670103092784,0.9774127310061602,0.9668737060041408,0.9576107899807321,0.9341085271317829,0.9474747474747475,0.8195777351247601
error_bar,R@N,layer1,layer2,layer3,layer4,layer5,layer6,layer7,layer8,layer9,layer10,layer11,layer12,layer13,layer14,layer15,layer16,layer17,layer18,layer19,layer20,layer21,layer22,layer23,layer24,layer25,layer26,layer27,layer28,layer29,layer30,layer31,layer32
0.841375,200,0.2388663967611336,0.2601279317697228,0.3694390715667311,0.5233265720081136,0.6572008113590264,0.724,0.7621951219512195,0.8258928571428571,0.8657314629258517,0.849802371541502,0.8607350096711799,0.8791423001949318,0.875751503006012,0.9130434782608695,0.9264150943396227,0.9270833333333334,0.9714285714285714,0.9598393574297188,0.9494736842105264,0.9738430583501007,0.9758364312267658,0.9778225806451613,0.9735772357723578,0.9823529411764705,0.9826589595375722,0.9814432989690721,0.9938398357289527,0.9834368530020704,0.9691714836223507,0.9651162790697675,0.9232323232323232,0.8560460652591171
error_bar,R@N,layer1,layer2,layer3,layer4,layer5,layer6,layer7,layer8,layer9,layer10,layer11,layer12,layer13,layer14,layer15,layer16,layer17,layer18,layer19,layer20,layer21,layer22,layer23,layer24,layer25,layer26,layer27,layer28,layer29,layer30,layer31,layer32
0.8315625,30,0.1862348178137652,0.19402985074626866,0.31721470019342357,0.4787018255578093,0.6064908722109533,0.724,0.774390243902439,0.84375,0.8396793587174348,0.8379446640316206,0.8626692456479691,0.9025341130604289,0.8977955911823647,0.9206049149338374,0.9452830188679245,0.9375,0.9571428571428572,0.9558232931726908,0.9642105263157895,0.9577464788732394,0.9646840148698885,0.9838709677419355,0.9695121951219512,0.9901960784313726,0.9884393063583815,0.9835051546391752,0.9774127310061602,0.9648033126293996,0.9595375722543352,0.9534883720930233,0.9111111111111111,0.8119001919385797
error_bar,R@N,layer1,layer2,layer3,layer4,layer5,layer6,layer7,layer8,layer9,layer10,layer11,layer12,layer13,layer14,layer15,layer16,layer17,layer18,layer19,layer20,layer21,layer22,layer23,layer24,layer25,layer26,layer27,layer28,layer29,layer30,layer31,layer32
0.8455,600,0.3866396761133603,0.36673773987206826,0.40425531914893614,0.4969574036511156,0.6186612576064908,0.718,0.782520325203252,0.8303571428571429,0.8476953907815631,0.8853754940711462,0.8723404255319149,0.8927875243664717,0.8917835671342685,0.8960302457466919,0.9264150943396227,0.94375,0.9510204081632653,0.9497991967871486,0.9473684210526315,0.9798792756539235,0.9591078066914498,0.9637096774193549,0.9695121951219512,0.9862745098039216,0.9710982658959537,0.9876288659793815,0.9794661190965093,0.9668737060041408,0.9633911368015414,0.9651162790697675,0.9111111111111111,0.8080614203454894
error_bar,R@N,layer1,layer2,layer3,layer4,layer5,layer6,layer7,layer8,layer9,layer10,layer11,layer12,layer13,layer14,layer15,layer16,layer17,layer18,layer19,layer20,layer21,layer22,layer23,layer24,layer25,layer26,layer27,layer28,layer29,layer30,layer31,layer32
0.8364375,100,0.25708502024291496,0.2302771855010661,0.3114119922630561,0.45841784989858014,0.6308316430020284,0.656,0.7479674796747967,0.8147321428571429,0.8476953907815631,0.849802371541502,0.8878143133462283,0.8791423001949318,0.8717434869739479,0.9300567107750473,0.9547169811320755,0.9541666666666667,0.9612244897959183,0.9598393574297188,0.9621052631578947,0.9678068410462777,0.9888475836431226,0.9818548387096774,0.9735772357723578,0.984313725490196,0.9826589595375722,0.9855670103092784,0.9753593429158111,0.9751552795031055,0.9749518304431599,0.9593023255813954,0.9414141414141414,0.8579654510556622
error_bar,R@N,layer1,layer2,layer3,layer4,layer5,layer6,layer7,layer8,layer9,layer10,layer11,layer12,layer13,layer14,layer15,layer16,layer17,layer18,layer19,layer20,layer21,layer22,layer23,layer24,layer25,layer26,layer27,layer28,layer29,layer30,layer31,layer32
0.82925,400,0.25708502024291496,0.22388059701492538,0.3036750483558994,0.4685598377281947,0.6186612576064908,0.684,0.7459349593495935,0.8147321428571429,0.8276553106212425,0.849802371541502,0.8588007736943907,0.8927875243664717,0.8997995991983968,0.9262759924385633,0.9377358490566038,0.9395833333333333,0.9428571428571428,0.963855421686747,0.9494736842105264,0.9476861167002012,0.966542750929368,0.9818548387096774,0.975609756097561,0.984313725490196,0.9749518304431599,0.9896907216494846,0.9794661190965093,0.9730848861283644,0.9460500963391136,0.939922480620155,0.9191919191919192,0.8061420345489443
error_bar,R@N,layer1,layer2,layer3,layer4,layer5,layer6,layer7,layer8,layer9,layer10,layer11,layer12,layer13,layer14,layer15,layer16,layer17,layer18,layer19,layer20,layer21,layer22,layer23,layer24,layer25,layer26,layer27,layer28,layer29,layer30,layer31,layer32
0.8338125,300,0.24898785425101214,0.24307036247334754,0.3481624758220503,0.4969574036511156,0.5983772819472617,0.706,0.7621951219512195,0.8303571428571429,0.8296593186372746,0.8616600790513834,0.8762088974854932,0.8518518518518519,0.8697394789579158,0.9338374291115312,0.9226415094339623,0.9354166666666667,0.9530612244897959,0.9518072289156626,0.9578947368421052,0.9698189134808853,0.9795539033457249,0.9818548387096774,0.9695121951219512,0.9725490196078431,0.9730250481695568,0.9835051546391752,0.9876796714579056,0.968944099378882,0.9672447013487476,0.9593023255813954,0.9252525252525252,0.8195777351247601
error_bar,R@N,layer1,layer2,layer3,layer4,layer5,layer6,layer7,layer8,layer9,layer10,layer11,layer12,layer13,layer14,layer15,layer16,layer17,layer18,layer19,layer20,layer21,layer22,layer23,layer24,layer25,layer26,layer27,layer28,layer29,layer30,layer31,layer32
0.829125,500,0.2773279352226721,0.24733475479744135,0.3617021276595745,0.48073022312373226,0.6004056795131846,0.668,0.7296747967479674,0.8526785714285714,0.8196392785571143,0.8774703557312253,0.8704061895551257,0.8615984405458089,0.8857715430861723,0.9092627599243857,0.9339622641509434,0.9416666666666667,0.926530612244898,0.929718875502008,0.9431578947368421,0.959758551307847,0.9646840148698885,0.9717741935483871,0.9735772357723578,0.9666666666666667,0.9749518304431599,0.9835051546391752,0.9609856262833676,0.9606625258799172,0.9576107899807321,0.9534883720930233,0.9292929292929293,0.8138195777351248
error_bar,R@N,layer1,layer2,layer3,layer4,layer5,layer6,layer7,layer8,layer9,layer10,layer11,layer12,layer13,layer14,layer15,layer16,layer17,layer18,layer19,layer20,layer21,layer22,layer23,layer24,layer25,layer26,layer27,layer28,layer29,layer30,layer31,layer32
0.8173125,50,0.19230769230769232,0.2046908315565032,0.26499032882011603,0.4300202839756592,0.6024340770791075,0.666,0.733739837398374,0.8258928571428571,0.845691382765531,0.8537549407114624,0.8646034816247582,0.8265107212475633,0.87374749498998,0.8865784499054821,0.9188679245283019,0.9270833333333334,0.926530612244898,0.9698795180722891,0.9557894736842105,0.9517102615694165,0.9535315985130112,0.969758064516129,0.9654471544715447,0.9745098039215686,0.9749518304431599,0.9731958762886598,0.9815195071868583,0.9648033126293996,0.9653179190751445,0.9457364341085271,0.9131313131313131,0.8080614203454894
error_bar,R@N,layer1,layer2,layer3,layer4,layer5,layer6,layer7,layer8,layer9,layer10,layer11,layer12,layer13,layer14,layer15,layer16,layer17,layer18,layer19,layer20,layer21,layer22,layer23,layer24,layer25,layer26,layer27,layer28,layer29,layer30,layer31,layer32
0.814,50,0.19230769230769232,0.19189765458422176,0.32688588007736946,0.40973630831643004,0.5111561866125761,0.656,0.7520325203252033,0.8169642857142857,0.8316633266533067,0.849802371541502,0.8452611218568665,0.8732943469785575,0.8857715430861723,0.8941398865784499,0.930188679245283,0.9208333333333333,0.9489795918367347,0.9357429718875502,0.9621052631578947,0.9537223340040242,0.9721189591078067,0.9576612903225806,0.9695121951219512,0.9745098039215686,0.9672447013487476,0.9731958762886598,0.9671457905544147,0.9461697722567288,0.9653179190751445,0.9457364341085271,0.8747474747474747,0.7946257197696737
error_bar,R@N,layer1,layer2,layer3,layer4,layer5,layer6,layer7,layer8,layer9,layer10,layer11,layer12,layer13,layer14,layer15,layer16,layer17,layer18,layer19,layer20,layer21,layer22,layer23,layer24,layer25,layer26,layer27,layer28,layer29,layer30,layer31,layer32
0.8301875,100,0.2732793522267207,0.2878464818763326,0.3288201160541586,0.5030425963488844,0.6490872210953347,0.672,0.7682926829268293,0.7946428571428571,0.8476953907815631,0.8122529644268774,0.8471953578336557,0.884990253411306,0.8817635270541082,0.8979206049149339,0.9377358490566038,0.9208333333333333,0.9326530612244898,0.9397590361445783,0.9431578947368421,0.9637826961770624,0.9739776951672863,0.969758064516129,0.9654471544715447,0.9705882352941176,0.9691714836223507,0.9752577319587629,0.973305954825462,0.9710144927536232,0.9653179190751445,0.9437984496124031,0.9333333333333333,0.8234165067178503
error_bar,R@N,layer1,layer2,layer3,layer4,layer5,layer6,layer7,layer8,layer9,layer10,layer11,layer12,layer13,layer14,layer15,layer16,layer17,layer18,layer19,layer20,layer21,layer22,layer23,layer24,layer25,layer26,layer27,layer28,layer29,layer30,layer31,layer32
0.84225,200,0.2408906882591093,0.2835820895522388,0.38684719535783363,0.5517241379310345,0.6085192697768763,0.674,0.7682926829268293,0.8125,0.8296593186372746,0.8814229249011858,0.8607350096711799,0.8947368421052632,0.8857715430861723,0.9206049149338374,0.9358490566037736,0.9354166666666667,0.9530612244897959,0.9658634538152611,0.968421052631579,0.9617706237424547,0.9702602230483272,0.9798387096774194,0.9796747967479674,0.9764705882352941,0.9845857418111753,0.9876288659793815,0.9835728952772074,0.9710144927536232,0.9845857418111753,0.9593023255813954,0.9434343434343434,0.8637236084452975
error_bar,R@N,layer1,layer2,layer3,layer4,layer5,layer6,layer7,layer8,layer9,layer10,layer11,layer12,layer13,layer14,layer15,layer16,layer17,layer18,layer19,layer20,layer21,layer22,layer23,layer24,layer25,layer26,layer27,layer28,layer29,layer30,layer31,layer32
0.8385,300,0.24493927125506074,0.24307036247334754,0.3694390715667311,0.4908722109533469,0.6247464503042597,0.688,0.7723577235772358,0.8169642857142857,0.8196392785571143,0.8320158102766798,0.8433268858800773,0.8888888888888888,0.8957915831663327,0.9281663516068053,0.9641509433962264,0.9541666666666667,0.9387755102040817,0.9578313253012049,0.9789473684210527,0.9678068410462777,0.9776951672862454,0.9858870967741935,0.9817073170731707,0.9862745098039216,0.9865125240847784,0.9855670103092784,0.9876796714579056,0.9772256728778468,0.9672447013487476,0.9593023255813954,0.9232323232323232,0.8445297504798465
error_bar,R@N,layer1,layer2,layer3,layer4,layer5,layer6,layer7,layer8,layer9,layer10,layer11,layer12,layer13,layer14,layer15,layer16,layer17,layer18,layer19,layer20,layer21,layer22,layer23,layer24,layer25,layer26,layer27,layer28,layer29,layer30,layer31,layer32
0.8294375,400,0.22874493927125505,0.2515991471215352,0.3152804642166344,0.5070993914807302,0.6024340770791075,0.662,0.7459349593495935,0.8325892857142857,0.8256513026052105,0.8695652173913043,0.8471953578336557,0.8908382066276803,0.8817635270541082,0.9092627599243857,0.9245283018867925,0.9354166666666667,0.9571428571428572,0.9538152610441767,0.9578947368421052,0.9537223340040242,0.9572490706319703,0.969758064516129,0.9695121951219512,0.9764705882352941,0.9730250481695568,0.9876288659793815,0.973305954825462,0.9710144927536232,0.9479768786127167,0.9496124031007752,0.9111111111111111,0.8598848368522073
error_bar,R@N,layer1,layer2,layer3,layer4,layer5,layer6,layer7,layer8,layer9,layer10,layer11,layer12,layer13,layer14,layer15,layer16,layer17,layer18,layer19,layer20,layer21,layer22,layer23,layer24,layer25,layer26,layer27,layer28,layer29,layer30,layer31,layer32
0.826,500,0.27530364372469635,0.2260127931769723,0.3056092843326886,0.4340770791075051,0.5699797160243407,0.66,0.7703252032520326,0.8035714285714286,0.87374749498998,0.83399209486166,0.8549323017408124,0.8966861598440545,0.875751503006012,0.9300567107750473,0.9132075471698113,0.94375,0.9285714285714286,0.9337349397590361,0.9452631578947368,0.959758551307847,0.9591078066914498,0.9717741935483871,0.975609756097561,0.9784313725490196,0.9710982658959537,0.9876288659793815,0.9876796714579056,0.968944099378882,0.9788053949903661,0.9476744186046512,0.9111111111111111,0.8119001919385797
error_bar,R@N,layer1,layer2,layer3,layer4,layer5,layer6,layer7,layer8,layer9,layer10,layer11,layer12,layer13,layer14,layer15,layer16,layer17,layer18,layer19,layer20,layer21,layer22,layer23,layer24,layer25,layer26,layer27,layer28,layer29,layer30,layer31,layer32
0.8355,600,0.3825910931174089,0.36886993603411516,0.3945841392649903,0.4847870182555781,0.6146044624746451,0.666,0.7560975609756098,0.7991071428571429,0.8396793587174348,0.8142292490118577,0.8085106382978723,0.8771929824561403,0.9078156312625251,0.9111531190926276,0.9169811320754717,0.9416666666666667,0.9387755102040817,0.9397590361445783,0.9431578947368421,0.9617706237424547,0.9628252788104089,0.9717741935483871,0.967479674796748,0.9725490196078431,0.9672447013487476,0.9917525773195877,0.9856262833675564,0.9730848861283644,0.9576107899807321,0.9476744186046512,0.9191919191919192,0.8157389635316699
error_bar,R@N,layer1,layer2,layer3,layer4,layer5,layer6,layer7,layer8,layer9,layer10,layer11,layer12,layer13,layer14,layer15,layer16,layer17,layer18,layer19,layer20,layer21,layer22,layer23,layer24,layer25,layer26,layer27,layer28,layer29,layer30,layer31,layer32
0.84575,60,0.3076923076923077,0.3368869936034115,0.3965183752417795,0.513184584178499,0.6490872210953347,0.696,0.7764227642276422,0.8482142857142857,0.843687374749499,0.8478260869565217,0.8762088974854932,0.9005847953216374,0.8897795591182365,0.9149338374291115,0.9377358490566038,0.9479166666666666,0.9510204081632653,0.9457831325301205,0.96,0.971830985915493,0.966542750929368,0.967741935483871,0.983739837398374,0.9901960784313726,0.9845857418111753,0.979381443298969,0.9753593429158111,0.979296066252588,0.9672447013487476,0.9554263565891473,0.9313131313131313,0.8330134357005758
error_bar,R@N,layer1,layer2,layer3,layer4,layer5,layer6,layer7,layer8,layer9,layer10,layer11,layer12,layer13,layer14,layer15,layer16,layer17,layer18,layer19,layer20,layer21,layer22,layer23,layer24,layer25,layer26,layer27,layer28,layer29,layer30,layer31,layer32
0.8471875,70,0.2935222672064777,0.2899786780383795,0.3655705996131528,0.5212981744421906,0.640973630831643,0.738,0.8252032520325203,0.8392857142857143,0.8517034068136272,0.8952569169960475,0.9090909090909091,0.8966861598440545,0.8977955911823647,0.9111531190926276,0.9150943396226415,0.95625,0.9428571428571428,0.9497991967871486,0.9642105263157895,0.96579476861167,0.949814126394052,0.9616935483870968,0.9857723577235772,0.9862745098039216,0.9903660886319846,0.9752577319587629,0.9856262833675564,0.968944099378882,0.9556840077071291,0.9496124031007752,0.9434343434343434,0.8483685220729367
error_bar,R@N,layer1,layer2,layer3,layer4,layer5,layer6,layer7,layer8,layer9,layer10,layer11,layer12,layer13,layer14,layer15,layer16,layer17,layer18,layer19,layer20,layer21,layer22,layer23,layer24,layer25,layer26,layer27,layer28,layer29,layer30,layer31,layer32
0.854125,80,0.3340080971659919,0.31769722814498935,0.40618955512572535,0.5618661257606491,0.6693711967545639,0.704,0.7987804878048781,0.875,0.8517034068136272,0.8537549407114624,0.9032882011605415,0.8947368421052632,0.9118236472945892,0.9054820415879017,0.9339622641509434,0.94375,0.9408163265306122,0.9598393574297188,0.9663157894736842,0.9617706237424547,0.9646840148698885,0.9798387096774194,0.983739837398374,0.9784313725490196,0.9845857418111753,0.9917525773195877,0.9856262833675564,0.9855072463768116,0.9845857418111753,0.9554263565891473,0.9414141414141414,0.8656429942418427
error_bar,R@N,layer1,layer2,layer3,layer4,layer5,layer6,layer7,layer8,layer9,layer10,layer11,layer12,layer13,layer14,layer15,layer16,layer17,layer18,layer19,layer20,layer21,layer22,layer23,layer24,layer25,layer26,layer27,layer28,layer29,layer30,layer31,layer32
0.852375,90,0.3076923076923077,0.3304904051172708,0.41779497098646035,0.5760649087221096,0.6490872210953347,0.764,0.7926829268292683,0.8325892857142857,0.8877755511022044,0.9110671936758893,0.8646034816247582,0.8927875243664717,0.8977955911823647,0.9489603024574669,0.9547169811320755,0.9416666666666667,0.9469387755102041,0.9236947791164659,0.9347368421052632,0.9678068410462777,0.9739776951672863,0.9838709677419355,0.9654471544715447,0.9725490196078431,0.9807321772639692,0.9917525773195877,0.9856262833675564,0.9668737060041408,0.9633911368015414,0.9457364341085271,0.9191919191919192,0.8387715930902111
error_bar,R@N,layer1,layer2,layer3,layer4,layer5,layer6,layer7,layer8,layer9,layer10,layer11,layer12,layer13,layer14,layer15,layer16,layer17,layer18,layer19,layer20,layer21,layer22,layer23,layer24,layer25,layer26,layer27,layer28,layer29,layerror_bar,R@N,layer1,layer2,layer3,layer4,layer5,layer6,layer7,layer8,layer9,layer10,layer11,layer12,layer13,layer14,layer15,layer16,layer17,layer18,layer19,layer20,layer21,layer22,layer23,layer24,layer25,layer26,layer27,layer28,layer29,layer30,layer31,layer32
0.24691875,10,0.13874974954918853,0.13086217489248414,0.13629032258064516,0.14644309951384066,0.14630482675746045,0.14464831804281345,0.14342265529841655,0.14631452098815023,0.1570580541301942,0.15864811133200796,0.16319824753559695,0.17614605276356707,0.18699186991869918,0.1950088774906293,0.21179624664879357,0.2297650130548303,0.24611088950937376,0.26937926937926937,0.2937332937332937,0.30278363983519246,0.312658356136617,0.33241946538725153,0.35625251306795336,0.3673509672325306,0.37233834733346355,0.36751208921346096,0.35590155700652937,0.37230089384352716,0.35584363380564765,0.34802461782807226,0.3377576671694319,0.28793381759483455
error_bar,R@N,layer1,layer2,layer3,layer4,layer5,layer6,layer7,layer8,layer9,layer10,layer11,layer12,layer13,layer14,layer15,layer16,layer17,layer18,layer19,layer20,layer21,layer22,layer23,layer24,layer25,layer26,layer27,layer28,layer29,layer30,layer31,layer32
0.27391875,30,0.14105389701462634,0.1423305345074749,0.14193548387096774,0.15368588153586665,0.15341478069297015,0.15412844036697249,0.16220056841250508,0.16388833099015868,0.1658114498440487,0.16679920477137178,0.17713830528726476,0.18286688735078743,0.2040550035129981,0.21769579798776878,0.22619402244067124,0.2564772042578831,0.2783207020343039,0.2992772992772993,0.3175923175923176,0.3422771580745654,0.36089996959562176,0.38039753255654557,0.3966626457579413,0.4168969601263324,0.4117015042000391,0.421494128096319,0.4088397790055249,0.40373606507984333,0.39764847753994575,0.3960690887432996,0.3805932629462041,0.3302058111380145
error_bar,R@N,layer1,layer2,layer3,layer4,layer5,layer6,layer7,layer8,layer9,layer10,layer11,layer12,layer13,layer14,layer15,layer16,layer17,layer18,layer19,layer20,layer21,layer22,layer23,layer24,layer25,layer26,layer27,layer28,layer29,layer30,layer31,layer32
0.2716875,50,0.1344419955920657,0.1357771861560516,0.14516129032258066,0.1484274233554916,0.15071099539355098,0.1488277268093782,0.15834348355663824,0.16318537859007834,0.16359794747962572,0.17017892644135188,0.18072289156626506,0.19450295917343766,0.21238582756197932,0.22213454330242652,0.2303644126700427,0.2652138983731673,0.28111288392501,0.29541629541629544,0.31363231363231364,0.3288111747563059,0.3594810986115334,0.37559972583961615,0.387112987535183,0.401500197394394,0.4003711662434069,0.4074805092272772,0.40200904068307386,0.40825549864416993,0.39382976585267815,0.3952749652570975,0.3720462543991956,0.3352502017756255
error_bar,R@N,layer1,layer2,layer3,layer4,layer5,layer6,layer7,layer8,layer9,layer10,layer11,layer12,layer13,layer14,layer15,layer16,layer17,layer18,layer19,layer20,layer21,layer22,layer23,layer24,layer25,layer26,layer27,layer28,layer29,layer30,layer31,layer32
0.27406875,60,0.13253856942496495,0.1339340569322138,0.14243951612903225,0.149221152892152,0.14870819146805528,0.14658511722731907,0.16098254161591555,0.16137778670415745,0.1732568668880169,0.17216699801192842,0.1827143283879319,0.19199518507372856,0.21499548328816623,0.2280528703886368,0.23801012809055705,0.25858606145812413,0.2746310331072996,0.297000297000297,0.326007326007326,0.3467993166515928,0.3576568359177055,0.374131009497699,0.3970647366304785,0.4104816423213581,0.4075014651299082,0.42070462844172507,0.4066298342541437,0.3997187908004419,0.39583961410913476,0.3997419098669843,0.3755656108597285,0.3315173527037934
error_bar,R@N,layer1,layer2,layer3,layer4,layer5,layer6,layer7,layer8,layer9,layer10,layer11,layer12,layer13,layer14,layer15,layer16,layer17,layer18,layer19,layer20,layer21,layer22,layer23,layer24,layer25,layer26,layer27,layer28,layer29,layer30,layer31,layer32
0.267615625,70,0.12803045481867362,0.1291214417366373,0.13669354838709677,0.15269371961504116,0.15421590226316845,0.14566768603465852,0.1618960617133577,0.16358706567583853,0.1695341583660328,0.1698807157057654,0.18132032261276512,0.18948741097401947,0.2022483187794841,0.2156243835075952,0.2268890874788998,0.24533038762803777,0.275428799361787,0.2938322938322938,0.31165231165231166,0.3360466284795498,0.3385020776325124,0.36208753549397826,0.38148371531966224,0.39498618239242006,0.40154327016995506,0.4054080726339682,0.39497739829231543,0.40152656422617256,0.3894080996884735,0.381874131427437,0.3705379587732529,0.33948748991121874
error_bar,R@N,layer1,layer2,layer3,layer4,layer5,layer6,layer7,layer8,layer9,layer10,layer11,layer12,layer13,layer14,layer15,layer16,layer17,layer18,layer19,layer20,layer21,layer22,layer23,layer24,layer25,layer26,layer27,layer28,layer29,layer30,layer31,layer32
0.269003125,80,0.12612702865157283,0.13250051198033996,0.14637096774193548,0.15080861196547277,0.15421590226316845,0.14821610601427115,0.15874949248883474,0.1653946575617594,0.16882986215917095,0.1727634194831014,0.18420790600418202,0.18677901494633364,0.20194720465723176,0.21739988163345828,0.2319531327574223,0.24884514962843945,0.27323494216194655,0.2864072864072864,0.3168003168003168,0.3306200381871169,0.34448160535117056,0.369626946049153,0.3788701246481705,0.39626924595341495,0.40105489353389334,0.41014507056153165,0.3956805625313913,0.4017274279401426,0.39292533413727265,0.3885249156243796,0.37767722473604826,0.3362590799031477
error_bar,R@N,layer1,layer2,layer3,layer4,layer5,layer6,layer7,layer8,layer9,layer10,layer11,layer12,layer13,layer14,layer15,layer16,layer17,layer18,layer19,layer20,layer21,layer22,layer23,layer24,layer25,layer26,layer27,layer28,layer29,layer30,layer31,layer32
0.260525,90,0.13143658585453816,0.1359819782920336,0.14556451612903226,0.1477329100109138,0.15401562187061887,0.14994903160040773,0.16494112870483152,0.17071701144808193,0.1744642318140658,0.181610337972167,0.1829134720700986,0.20042130604875114,0.20465723175750275,0.2179917143420793,0.23413762287756926,0.2551717212291625,0.2716394096529717,0.28739728739728737,0.2941292941292941,0.31303386594312127,0.3247187595013682,0.3434837951630275,0.353437876960193,0.37356889064350574,0.37106856807970306,0.3744202111911576,0.36263184329482673,0.383047102540926,0.3653904130238167,0.3737343656938654,0.35887380593262946,0.3233454398708636
error_bar,R@N,layer1,layer2,layer3,layer4,layer5,layer6,layer7,layer8,layer9,layer10,layer11,layer12,layer13,layer14,layer15,layer16,layer17,layer18,layer19,layer20,layer21,layer22,layer23,layer24,layer25,layer26,layer27,layer28,layer29,layer30,layer31,layer32
0.254359375,100,0.1305349629332799,0.14069219741961908,0.1368951612903226,0.1471376128584185,0.14970959343080312,0.1454638124362895,0.1634185952090946,0.16951195019080137,0.17114397826743133,0.1768389662027833,0.1844070496863487,0.19981944026482096,0.19933754893104486,0.21542710593805484,0.22311587727137325,0.24241815625627636,0.2544874351814918,0.2625482625482625,0.2853182853182853,0.31032057079690484,0.31225296442687744,0.33055909135415645,0.34599919581825495,0.36853533359652585,0.3599335807774956,0.37392677390703644,0.365143144148669,0.37310434869940745,0.3591598834288011,0.3672821123684733,0.3512317747611865,0.3131557707828894
error_bar,R@N,layer1,layer2,layer3,layer4,layer5,layer6,layer7,layer8,layer9,layer10,layer11,layer12,layer13,layer14,layer15,layer16,layer17,layer18,layer19,layer20,layer21,layer22,layer23,layer24,layer25,layer26,layer27,layer28,layer29,layer30,layer31,layer32
0.30926875,200,0.2102785013023442,0.21523653491705919,0.21784274193548386,0.21807719019744023,0.22201081514119766,0.21916411824668705,0.22157937474624442,0.23307893151235187,0.2273870610725425,0.2378727634194831,0.24056556805735338,0.26020664058581605,0.2596607447555957,0.2647464983231407,0.2725647899910634,0.2933319943763808,0.3010570402871959,0.3170973170973171,0.3304623304623305,0.3484071952567581,0.358974358974359,0.3811808479389014,0.4026940088459992,0.40682984603237266,0.41463176401640944,0.4083686963386953,0.412054244098443,0.41930300291252387,0.40337654507084714,0.41443319436172327,0.4,0.3549233252623083
error_bar,R@N,layer1,layer2,layer3,layer4,layer5,layer6,layer7,layer8,layer9,layer10,layer11,layer12,layer13,layer14,layer15,layer16,layer17,layer18,layer19,layer20,layer21,layer22,layer23,layer24,layer25,layer26,layer27,layer28,layer29,layer30,layer31,layer32
0.3856625,300,0.3112602684832699,0.31671103829612945,0.30816532258064516,0.31183649171544797,0.3096334868816343,0.3039755351681957,0.30643524157531465,0.3141193010644708,0.31119830968910356,0.3174950298210736,0.3229114806332769,0.333233022369345,0.33323296195924923,0.34227658315249554,0.35001489425081916,0.3555934926692107,0.3786398085360989,0.38421938421938423,0.3961983961983962,0.4021706361169732,0.41917502787068006,0.45021051600900813,0.46602332127060714,0.47690485590209236,0.4731392850166048,0.4824829764136978,0.4790557508789553,0.4838806869539018,0.4820621043111245,0.49096684534445106,0.4815485168426345,0.4384584342211461
error_bar,R@N,layer1,layer2,layer3,layer4,layer5,layer6,layer7,layer8,layer9,layer10,layer11,layer12,layer13,layer14,layer15,layer16,layer17,layer18,layer19,layer20,layer21,layer22,layer23,layer24,layer25,layer26,layer27,layer28,layer29,layer30,layer31,layer32
0.47590625,400,0.4103386094970948,0.4117345893917674,0.40786290322580643,0.41254092667923403,0.40957340276386944,0.40519877675840976,0.4040803897685749,0.41554529021891945,0.4084917999798772,0.4115308151093439,0.4126257094493677,0.42371351188684925,0.4269798253538091,0.42533043992898006,0.4382881541058485,0.44868447479413537,0.47227762265656165,0.47173547173547176,0.48925848925848925,0.4968344889960808,0.5081585081585082,0.5381376676784491,0.5514676316847608,0.5641531780497434,0.563195936706388,0.5605447547616698,0.5651431441486691,0.5708546751029426,0.5554215656717918,0.558864403414731,0.5629964806435395,0.5203793381759484
error_bar,R@N,layer1,layer2,layer3,layer4,layer5,layer6,layer7,layer8,layer9,layer10,layer11,layer12,layer13,layer14,layer15,layer16,layer17,layer18,layer19,layer20,layer21,layer22,layer23,layer24,layer25,layer26,layer27,layer28,layer29,layer30,layer31,layer32
0.56573125,500,0.5093167701863354,0.5111611714110178,0.5012096774193548,0.5027284452822701,0.5069096735429601,0.49683995922528035,0.49147381242387334,0.5045189797148022,0.4932085722909749,0.49801192842942343,0.49347804440904114,0.5078744106730866,0.5047676402689952,0.5146971789307556,0.5161354383874491,0.5367543683470576,0.552253689668927,0.5607365607365608,0.5782595782595783,0.5883830770776807,0.6030201682375596,0.6334084010574758,0.6404302372336148,0.6518949861823924,0.657745653447939,0.6491660909898352,0.6573581115017579,0.6605403233905794,0.6546075771279268,0.6473099066904904,0.6518853695324284,0.6207627118644068
error_bar,R@N,layer1,layer2,layer3,layer4,layer5,layer6,layer7,layer8,layer9,layer10,layer11,layer12,layer13,layer14,layer15,layer16,layer17,layer18,layer19,layer20,layer21,layer22,layer23,layer24,layer25,layer26,layer27,layer28,layer29,layer30,layer31,layer32
0.64798125,600,0.6077940292526548,0.6089494163424124,0.6090725806451613,0.6074015279293581,0.6101542159022632,0.599592252803262,0.6020097442143727,0.610564370355493,0.6040849179997988,0.607455268389662,0.607985661654884,0.613301233824857,0.6096557261868915,0.6215229828368515,0.6236719293019561,0.6344647519582245,0.6444954128440367,0.6451836451836452,0.6576576576576577,0.6586272736408402,0.6649437519002737,0.6861842749436992,0.6912947326095698,0.7015396762731938,0.7060949404180504,0.6961413204381723,0.6969362129583124,0.707040273174651,0.6988242387699729,0.7036926742108398,0.705379587732529,0.6891646489104116
